"Sp","Betacov","R.Alb","R.Car3","R.Dal1","R.Far1","R.Gut1","R.Po2","R.Po3","R.Stock1","P.Alb","P.Car3","P.Dal1","P.Far1","P.Gut1","P.Po2","P.Po3","P.Stock1","InSample","Rank","PropRank"
"Cynopterus sphinx",1,0.0123329907502569,0.0116487455197133,0.00732600732600733,0.036101083032491,0.00448028673835125,0.0412371134020619,0.0472972972972973,0.0360531309297913,0.263916666666667,0.592842627844565,1.69327265363296,0.527143176798633,0.971878922630298,0.8,0.36825045458139,0.47600500122403,1,12.0625,0.0245595818744963
"Rousettus aegyptiacus",1,0.0503597122302158,0.000896057347670251,0.139194139194139,0.0036101083032491,0.017921146953405,0.0412371134020619,0.0045045045045045,0.0123339658444023,0.239,0.721134550709848,1.04891401868929,0.665737361922389,0.957876353577095,0.8,0.434184520515456,0.537316303076717,1,16.125,0.033757093472456
"Eonycteris spelaea",1,0.0210688591983556,0.0197132616487455,0.0622710622710623,0.0433212996389892,0.00268817204301075,0.0412371134020619,0.0472972972972973,0.0398481973434535,0.253583333333333,0.553440075965884,1.32164658613906,0.52010494290549,0.974150982860989,0.8,0.36825045458139,0.468544800053809,1,16.625,0.034680657855372
"Eidolon helvum",1,0.0647482014388489,0.0017921146953405,0.146520146520147,0.0108303249097473,0.00716845878136201,0.00687285223367698,0.0045045045045045,0.0939278937381404,0.236,0.66766454307997,1.02715120162139,0.640910940249868,0.967559494358722,1,0.434184520515456,0.416770149457242,1,27.125,0.0420455621027209
"Rousettus leschenaultii",1,0.0143884892086331,0.00716845878136201,0.26007326007326,0.0072202166064982,0.0017921146953405,0.0412371134020619,0.0045045045045045,0.00284629981024668,0.261166666666667,0.62000117356446,0.752899868602642,0.663786822059393,0.981554650051601,0.8,0.434184520515456,0.663555303358833,1,13.375,0.0424038071352384
"Cynopterus brachyotis",1,0.0226104830421377,0.017921146953405,0.106227106227106,0.0902527075812274,0.0268817204301075,0.151202749140893,0.0900900900900901,0.032258064516129,0.252666666666667,0.557451758285554,1.12099791894895,0.463848176015661,0.950902460626486,0.6,0.346272432603368,0.480514955861175,1,25.25,0.0671805084976371
"Rhinolophus ferrumequinum",1,0.0416238437821172,0.043010752688172,0.0879120879120879,0.0505415162454874,0.0842293906810036,0.151202749140893,0.0900900900900901,0.00094876660341556,0.242,0.50845557445611,1.21781946451638,0.515608611442366,0.920291202005838,0.6,0.346272432603368,0.685205383193666,1,32.9375,0.0686948996429084
"Epomophorus gambianus",1,0.105858170606372,0.00268817204301075,0.179487179487179,0.075812274368231,0.0116487455197133,0.151202749140893,0.0900900900900901,0.0351043643263757,0.225916666666667,0.643972563032188,0.961625484536594,0.482825272490222,0.960720450481757,0.6,0.346272432603368,0.477120898940405,1,33.5,0.0814864681977332
"Pipistrellus pipistrellus",1,0.0334018499486125,0.0645161290322581,0.00366300366300366,0.0794223826714801,0.0985663082437276,0.151202749140893,0.0900900900900901,0.186907020872865,0.247,0.479552658425863,1.79473331365288,0.469827264015701,0.913084469333687,0.6,0.346272432603368,0.352069999103706,1,59.5625,0.0884711917078664
"Pteropus giganteus",1,0.108941418293936,0.025089605734767,0.179487179487179,0.0866425992779783,0.0492831541218638,0.151202749140893,0.0900900900900901,0.154648956356736,0.225333333333333,0.537875907525887,0.961625484536594,0.467359459359796,0.939129470686367,0.6,0.346272432603368,0.370414642665118,1,58.375,0.105673219062931
"Hipposideros pomona",1,0.107399794450154,0.129928315412186,0.1996336996337,0.122743682310469,0.0681003584229391,0.151202749140893,0.0900900900900901,0.0483870967741935,0.2255,0.409014110469145,0.878539773896853,0.452547886103591,0.929996022177143,0.6,0.346272432603368,0.45606274917227,1,63.375,0.114685723279328
"Hipposideros armiger",1,0.0698869475847893,0.10573476702509,0.1996336996337,0.11913357400722,0.0313620071684588,0.151202749140893,0.0900900900900901,0.166982922201139,0.233916666666667,0.429281444235757,0.878539773896853,0.453723517227268,0.948102004368818,0.6,0.346272432603368,0.36414935581431,1,65.8125,0.116753344606422
"Micropteropus pusillus",1,0.0601233299075026,0.003584229390681,0.340659340659341,0.0324909747292419,0.00985663082437276,0.36426116838488,0.0472972972972973,0.0768500948766603,0.236416666666667,0.63522450562354,0.734424196321501,0.537425295012293,0.961929481376458,0.4,0.36825045458139,0.427039519005554,1,40,0.116890383258747
"Miniopterus schreibersii",1,0.401336073997945,0.0224014336917563,0.0659340659340659,0.0397111913357401,0.0672043010752688,0.151202749140893,0.0472972972972973,0.252371916508539,0.181083333333333,0.545317787207346,1.31902157735351,0.521737769813767,0.930088543573695,0.6,0.36825045458139,0.31209932891191,1,102.25,0.130932378622688
"Eptesicus serotinus",1,0.026207605344296,0.0403225806451613,0.0695970695970696,0.155234657039711,0.0340501792114695,0.36426116838488,0.148648648648649,0.287476280834915,0.24975,0.513855680005993,1.30993644307536,0.400650868533266,0.946207211535572,0.4,0.324294410625346,0.28928409791122,1,69.9375,0.140724773713269
"Myotis daubentonii",1,0.113052415210689,0.0618279569892473,0.179487179487179,0.0830324909747292,0.152329749103943,0.151202749140893,0.0900900900900901,0.405123339658444,0.224833333333333,0.480992502402511,0.961625484536594,0.467385502150481,0.874630339005902,0.6,0.346272432603368,0.235894670588983,1,111.25,0.154518246331902
"Pipistrellus abramus",1,0.0724563206577595,0.0922939068100358,0.0989010989010989,0.184115523465704,0.156810035842294,0.36426116838488,0.148648648648649,0.16034155597723,0.233,0.449617342189021,1.14800318059252,0.39194635029522,0.87075521879146,0.4,0.324294410625346,0.367978320760468,1,85.1875,0.159728532335956
"Rhinolophus pusillus",1,0.0318602261048304,0.186379928315412,0.168498168498169,0.162454873646209,0.229390681003584,0.36426116838488,0.148648648648649,0.00569259962049336,0.247583333333333,0.372922618576279,1.02314766673085,0.398814236077535,0.765919025962649,0.4,0.324294410625346,0.58312432959282,1,84.75,0.162148286777778
"Chaerephon pumilus",1,0.283144912641316,0.0555555555555556,0.0805860805860806,0.115523465703971,0.168458781362007,0.36426116838488,0.0900900900900901,0.162239089184061,0.192333333333333,0.492182339153995,1.24676021715342,0.455234683728598,0.858927424685113,0.4,0.346272432603368,0.365786723969153,1,102.9375,0.164982392938495
"Rhinolophus affinis",1,0.00719424460431655,0.0976702508960574,0.553113553113553,0.133574007220217,0.0224014336917563,0.36426116838488,0.148648648648649,0.015180265654649,0.268583333333333,0.44095966140881,0.580795905515553,0.437206149118616,0.954024806524114,0.4,0.324294410625346,0.533884388950907,1,53.875,0.16775544652676
"Scotophilus kuhlii",1,0.00308324768756423,0.578853046594982,0.032967032967033,0.0252707581227437,0.482974910394265,0.0412371134020619,0.027027027027027,0.169829222011385,0.274,0.0884830280093318,1.40486017819357,0.577289757712571,0.406375004806184,0.8,0.390228476559412,0.363024372138249,1,174.375,0.170155294775883
"Pteropus lylei",1,0.156731757451182,0.0376344086021505,0.247252747252747,0.15884476534296,0.0591397849462366,0.36426116838488,0.148648648648649,0.209677419354839,0.217666666666667,0.515022781669842,0.76580799073301,0.398877696900789,0.933103645096713,0.4,0.324294410625346,0.337985109198961,1,84.875,0.172773837497955
"Pteropus alecto",1,0.369475847893114,0.28405017921147,0.0842490842490843,0.0469314079422383,0.366487455197133,0.151202749140893,0.0472972972972973,0.153700189753321,0.18375,0.270938908697888,1.21798956065423,0.518134324968753,0.543269323539478,0.6,0.36825045458139,0.370688635745056,1,164.5,0.187924276335569
"Plecotus auritus",1,0.183967112024666,0.200716845878136,0.0164835164835165,0.166064981949458,0.137096774193548,0.36426116838488,0.148648648648649,0.290322580645161,0.2115,0.360101360235585,1.56891861880574,0.395658382640633,0.884014562963062,0.4,0.324294410625346,0.287155673548819,1,124.8125,0.188445203526002
"Artibeus jamaicensis",1,0.726104830421377,0.397849462365591,0.0238095238095238,0.0180505415162455,0.173835125448029,0.0412371134020619,0.018018018018018,0.16888045540797,0.141583333333333,0.176190885487946,1.56126728465947,0.603131205655104,0.854926612406614,0.8,0.412206498537434,0.36312915853554,1,193,0.195973133798602
"Hipposideros larvatus",1,0.0996916752312436,0.0967741935483871,0.553113553113553,0.180505415162455,0.0582437275985663,0.36426116838488,0.148648648648649,0.112903225806452,0.226916666666667,0.4416855478342,0.580795905515553,0.392419719889019,0.933250211416484,0.4,0.324294410625346,0.397384165878359,1,84.5,0.201767700936773
"Rousettus amplexicaudatus",1,0.0092497430626927,0.00896057347670251,0.351648351648352,0.144404332129964,0.0206093189964158,1,0.148648648648649,0.0180265654648956,0.267833333333333,0.602591630041465,0.70044371385569,0.417177135609305,0.956415799986694,0.2,0.324294410625346,0.529931492495569,1,46.9375,0.212693441678459
"Rhinolophus sinicus",1,0.0904419321685509,0.192652329749104,0.725274725274725,0.137184115523466,0.151433691756272,0.36426116838488,0.148648648648649,0.0047438330170778,0.228166666666667,0.368487964803119,0.466793068550396,0.434099449427566,0.874838104295783,0.4,0.324294410625346,0.595446418715197,1,99.875,0.226830055565341
"Taphozous perforatus",1,0.596608427543679,0.0170250896057348,0.186813186813187,0.194945848375451,0.0555555555555556,0.36426116838488,0.148648648648649,0.281783681214421,0.169416666666667,0.557749195962803,0.916431348086131,0.388292377158777,0.934096499845725,0.4,0.324294410625346,0.292203585642105,1,143.6875,0.230705200767695
"Artibeus lituratus",1,0.798561151079137,0.435483870967742,0.0732600732600733,0.0144404332129964,0.219534050179211,0.0412371134020619,0.0045045045045045,0.293168880455408,0.13525,0.154669808983371,1.29766267559649,0.635856993025663,0.775572686929734,0.8,0.434184520515456,0.284695572215791,1,231,0.235023759632642
"Murina leucogaster",0,0.168036998972251,0.172939068100358,0.0769230769230769,0.151624548736462,0.0824372759856631,0.151202749140893,0.623873873873874,0.475332068311195,0.215333333333333,0.382439037917805,1.2871094070826,0.404550162606648,0.92111725450741,0.6,0.247371333702269,0.213864688374137,1,146.625,0.237796207505472
"Hipposideros caffer",1,0.278520041109969,0.014336917562724,0.355311355311355,0.129963898916967,0.0134408602150538,1,0.0900900900900901,0.0777988614800759,0.193166666666667,0.561661061408164,0.689274033122316,0.43814137896861,0.959930131920737,0.2,0.346272432603368,0.425125869114374,1,85.3125,0.244932753085779
"Nycteris gambiensis",1,0.664953751284687,0.157706093189964,0.0402930402930403,0.0974729241877256,0.405913978494624,0.36426116838488,0.0900900900900901,0.17741935483871,0.15,0.390785035879999,1.38881677728883,0.461377621769584,0.499438182311227,0.4,0.346272432603368,0.356519514738504,1,196.75,0.249763800095465
"Rhinolophus stheno",1,0.0334018499486125,0.0869175627240143,0.3003663003663,0.220216606498195,0.0663082437275986,1,0.265765765765766,0.0588235294117647,0.247,0.455528753490505,0.737621749265733,0.359859781884928,0.930341387241425,0.2,0.302316388647324,0.448549504037055,1,76.625,0.253974982305281
"Rhinolophus thomasi",1,0.0349434737923947,0.0654121863799283,0.652014652014652,0.469314079422383,0.0725806451612903,NA,0.475225225225225,0.0256166982922201,0.244833333333333,0.479377312381032,0.493257746318137,0.25117884862232,0.928371364054489,NA,0.280338366669302,0.491371785061746,1,89.7857142857143,0.256443851469728
"Rhinolophus shameli",1,0.100719424460432,0.0743727598566308,0.3003663003663,0.223826714801444,0.0618279569892473,1,0.265765765765766,0.0332068311195446,0.226833333333333,0.468888404681224,0.737621749265733,0.358443263474701,0.931518462247736,0.2,0.302316388647324,0.47996292959633,1,79.1875,0.257510719169921
"Myotis ricketti",1,NA,0.111111111111111,0.553113553113553,0.187725631768953,0.0967741935483871,0.36426116838488,0.148648648648649,0.346299810246679,NA,0.425196375830942,0.580795905515553,0.391090249721859,0.914172582918278,0.4,0.324294410625346,0.261635864456665,1,126.571428571429,0.258276302403173
"Myonycteris torquata",1,0.154676258992806,0.00627240143369176,0.908424908424908,0.346570397111913,0.0887096774193548,NA,0.265765765765766,0.0426944971537002,0.217916666666667,0.620435589384393,0.366101637014987,0.31354440481445,0.918048329091643,NA,0.302316388647324,0.464311800482432,1,100.642857142857,0.259016272328877
"Rhinolophus malayanus",1,0.039054470709147,0.0779569892473118,0.652014652014652,0.458483754512635,0.0931899641577061,NA,0.475225225225225,0.0303605313092979,0.243833333333333,0.466090017123314,0.493257746318137,0.252808761570186,0.915708735773942,NA,0.280338366669302,0.488545327593432,1,95.9285714285714,0.260897941025139
"Cynopterus horsfieldii",1,0.0678314491264132,0.0259856630824373,0.652014652014652,0.548736462093863,0.0349462365591398,NA,0.475225225225225,0.0407969639468691,0.2345,0.537795019733911,0.493257746318137,0.221547294869921,0.945336339762082,NA,0.280338366669302,0.465654703128732,1,87.5,0.2636480931498
"Rhinolophus clivosus",1,0.159301130524152,0.0564516129032258,0.3003663003663,0.216606498194946,0.0958781362007168,1,0.265765765765766,0.0227703984819734,0.217166666666667,0.490106358239227,0.737621749265733,0.36435920688901,0.914739912683558,0.2,0.302316388647324,0.505604616509903,1,86.9375,0.264642480304635
"Megaerops niphanae",1,0.0308324768756423,0.00806451612903226,0.652014652014652,0.530685920577617,0.0752688172043011,NA,0.475225225225225,0.0853889943074004,0.247666666666667,0.603703060289707,0.493257746318137,0.222845724613543,0.924921202647548,NA,0.280338366669302,0.422005566122617,1,91.9285714285714,0.265354371761982
"Myonycteris angolensis",1,0.0554984583761562,0.00537634408602151,0.652014652014652,0.642599277978339,0.0188172043010753,NA,0.475225225225225,0.023719165085389,0.237666666666667,0.621284800873786,0.493257746318137,0.218481006598244,0.957754181613219,NA,0.280338366669302,0.50194416719917,1,81.0714285714286,0.26760718958098
"Pipistrellus nathusii",1,0.153134635149024,0.0851254480286738,0.122710622710623,0.252707581227437,0.17741935483871,1,0.265765765765766,0.134724857685009,0.218,0.457508222530348,1.07546082768289,0.321416032587856,0.845624288729053,0.2,0.302316388647324,0.382935864810785,1,111.5,0.273948533175655
"Macroglossus minimus",1,0.026207605344296,0.0241935483870968,0.192307692307692,0.389891696750903,0.21505376344086,1,0.265765765765766,0.108159392789374,0.24975,0.540568530654239,0.887810463927241,0.30785962871897,0.784285025797383,0.2,0.302316388647324,0.403380138925162,1,96.4375,0.277697433098248
"Rhinolophus mehelyi",1,0.226104830421377,0.0510752688172043,0.652014652014652,0.44043321299639,0.0905017921146953,NA,0.475225225225225,0.0094876660341556,0.203083333333333,0.498862825210688,0.493257746318137,0.25898724579056,0.917403972434279,NA,0.280338366669302,0.558885486628719,1,113.357142857143,0.277834663946243
"Rhinolophus hipposideros",1,0.171634121274409,0.0609318996415771,0.652014652014652,0.454873646209386,0.102150537634409,NA,0.475225225225225,0.038899430740038,0.213833333333333,0.482526612678888,0.493257746318137,0.25310490957573,0.909853007389622,NA,0.280338366669302,0.470280156949604,1,114.214285714286,0.279389930391385
"Rhinolophus acuminatus",1,0.0431654676258993,0.126344086021505,0.652014652014652,0.447653429602888,0.169354838709677,NA,0.475225225225225,0.0502846299810247,0.241666666666667,0.409994581556894,0.493257746318137,0.256935420348543,0.857740251059081,NA,0.280338366669302,0.454609780460377,1,118.928571428571,0.280577475597267
"Megaerops ecaudatus",1,0.129496402877698,0.00448028673835125,0.652014652014652,0.555956678700361,0.0609318996415771,NA,0.475225225225225,0.0920303605313093,0.22225,0.62394853671076,0.493257746318137,0.221396689580344,0.931769179172843,NA,0.280338366669302,0.417157674332527,1,104.785714285714,0.281447929389882
"Pteropus conspicillatus",1,0.391572456320658,0.396953405017921,0.247252747252747,0.173285198555957,0.411290322580645,0.36426116838488,0.148648648648649,0.135673624288425,0.181666666666667,0.176342748392818,0.76580799073301,0.393595019060688,0.489297046708652,0.4,0.324294410625346,0.380699059115868,1,203.4375,0.283617196381235
"Nycteris thebaica",0,0.410071942446043,0.0161290322580645,0.122710622710623,0.310469314079422,0.0403225806451613,1,0.265765765765766,0.106261859582543,0.180333333333333,0.559588890902363,1.07546082768289,0.315983213037873,0.942899780372202,0.2,0.302316388647324,0.40449931999004,1,112.25,0.283966389685953
"Desmodus rotundus",1,0.843268242548818,0.582437275985663,0.010989010989011,0.0288808664259928,0.388888888888889,0.151202749140893,0.027027027027027,0.286527514231499,0.130083333333333,0.0865356992660668,1.58422469262439,0.561238532050878,0.513875921190788,0.6,0.390228476559412,0.28990013104237,1,280.6875,0.289902696904724
"Pipistrellus kuhlii",1,0.104830421377184,0.0528673835125448,0.56043956043956,0.169675090252708,0.121863799283154,1,0.148648648648649,0.163187855787476,0.226166666666667,0.493216921394688,0.577519915026213,0.393685415534372,0.901111606642796,0.2,0.324294410625346,0.365447023063033,1,105.9375,0.290189094912659
"Dyacopterus spadiceus",1,0.169578622816033,0.0125448028673835,0.652014652014652,0.581227436823105,0.10573476702509,NA,0.475225225225225,0.0379506641366224,0.214833333333333,0.584490345763652,0.493257746318137,0.220257824785195,0.908797226167156,NA,0.280338366669302,0.471234622351617,1,111.642857142857,0.290610881558302
"Rhinolophus pearsonii",1,0.0236382322713258,0.10752688172043,0.915750915750916,0.462093862815884,0.046594982078853,NA,0.475225225225225,0.00379506641366224,0.25175,0.427064535380494,0.36187508461457,0.251329816577842,0.939365365587796,NA,0.280338366669302,0.60519628949857,1,97.5,0.290660738039471
"Pipistrellus coromandra",1,0.0174717368961973,0.164874551971326,0.3003663003663,0.285198555956679,0.18010752688172,1,0.265765765765766,0.130929791271347,0.257666666666667,0.387025248461289,0.737621749265733,0.317626316995347,0.842368858680753,0.2,0.302316388647324,0.385096118245965,1,113.1875,0.293089278638667
"Nanonycteris veldkampii",1,0.112024665981501,0.021505376344086,0.652014652014652,0.516245487364621,0.118279569892473,NA,0.475225225225225,0.156546489563567,0.224916666666667,0.549227360332523,0.493257746318137,0.22552405311755,0.902726855236477,NA,0.280338366669302,0.370113561225613,1,122.357142857143,0.293120209483732
"Vespertilio murinus",1,0.21377183967112,0.110215053763441,0.122710622710623,0.299638989169675,0.122759856630824,1,0.265765765765766,0.213472485768501,0.20575,0.425740356158574,1.07546082768289,0.316777976142068,0.901082617357338,0.2,0.302316388647324,0.336767814302312,1,126.75,0.293541826684994
"Epomophorus labiatus",1,0.142857142857143,0.0474910394265233,0.565934065934066,0.256317689530686,0.0501792114695341,1,0.265765765765766,0.0265654648956357,0.2195,0.504607222035026,0.560227153668581,0.319822428175516,0.938545508833746,0.2,0.302316388647324,0.491047972879489,1,88.25,0.294388797484919
"Scotophilus dinganii",1,0.0570400822199383,0.046594982078853,0.3003663003663,0.28158844765343,0.101254480286738,1,0.265765765765766,0.310246679316888,0.23725,0.505975336833953,0.737621749265733,0.317698180922468,0.910889896841343,0.2,0.302316388647324,0.275265908492639,1,114,0.295357092210989
"Carollia perspicillata",1,0.841726618705036,0.512544802867383,0.0238095238095238,0.0216606498194946,0.529569892473118,0.0412371134020619,0.018018018018018,0.382352941176471,0.130166666666667,0.122327073563726,1.56126728465947,0.598887830537341,0.380822465658493,0.8,0.412206498537434,0.246095594509187,1,300.9375,0.296364945033888
"Nyctalus noctula",1,0.218910585817061,0.0456989247311828,0.122710622710623,0.353790613718412,0.0439068100358423,1,0.265765765765766,0.325426944971537,0.204833333333333,0.50598152460217,1.07546082768289,0.312708275199502,0.940020442687964,0.2,0.302316388647324,0.268947484209323,1,124,0.297026283468803
"Epomops buettikoferi",1,0.149023638232271,0.0304659498207885,0.652014652014652,0.509025270758123,0.218637992831541,NA,0.475225225225225,0.0626185958254269,0.218333333333333,0.526525241781804,0.493257746318137,0.232595979964805,0.77603861062279,NA,0.280338366669302,0.443938593017744,1,130.5,0.299573046386861
"Neoromicia capensis",1,0.0678314491264132,0.0591397849462366,0.3003663003663,0.234657039711191,0.21415770609319,1,0.265765765765766,0.258064516129032,0.2345,0.486827098899496,0.737621749265733,0.326332007028868,0.784718978930792,0.2,0.302316388647324,0.306249292594187,1,124.3125,0.299997820267266
"Rhinolophus blasii",1,0.125385405960946,0.0412186379928315,0.915750915750916,0.487364620938628,0.0573476702508961,NA,0.475225225225225,0.00664136622390892,0.222833333333333,0.512390188706402,0.36187508461457,0.24859358564326,0.93350613235045,NA,0.280338366669302,0.571646286155478,1,104.214285714286,0.301276263191907
"Rhinolophus euryale",1,0.234326824254882,0.0519713261648745,0.578754578754579,0.212996389891697,0.0689964157706093,1,0.265765765765766,0.00189753320683112,0.201833333333333,0.498073813431816,0.528153790047818,0.371326269320301,0.929977155091074,0.2,0.302316388647324,0.667451990601235,1,98.3125,0.301838604226155
"Hipposideros pratti",1,0.322713257965057,0.0797491039426523,0.3003663003663,0.274368231046931,0.039426523297491,1,0.265765765765766,0.140417457305503,0.187583333333333,0.46249175864631,0.737621749265733,0.318171125264399,0.943226534467605,0.2,0.302316388647324,0.378641372087295,1,119.6875,0.302850829961213
"Epomops franqueti",1,0.114594039054471,0.0331541218637993,0.926739926739927,0.0577617328519856,0.155017921146953,1,0.0472972972972973,0.0977229601518027,0.224583333333333,0.522300415581379,0.35586188331379,0.514059420694378,0.87213280178625,0.2,0.36825045458139,0.4128259981073,1,106.1875,0.304035999888279
"Aselliscus stoliczkanus",1,0.224049331963001,0.0627240143369176,0.652014652014652,0.574007220216607,0.0797491039426523,NA,0.475225225225225,0.0721062618595825,0.203333333333333,0.480905279644422,0.493257746318137,0.220521466413736,0.922005772280955,NA,0.280338366669302,0.433423214987113,1,127.928571428571,0.305696544222662
"Taphozous melanopogon",0,0.20863309352518,0.10663082437276,0.157509157509158,0.328519855595668,0.00896057347670251,0.36426116838488,0.695945945945946,0.577798861480076,0.206666666666667,0.427335795773398,1.02317095474501,0.314420322259516,0.962515037980261,0.4,0.225393311724247,0.180281048050113,1,160.3125,0.306032435036296
"Rhinolophus macrotis",1,0.0154162384378212,0.162186379928315,0.915750915750916,0.483754512635379,0.0913978494623656,NA,0.475225225225225,0.00759013282732448,0.259083333333333,0.388795492314493,0.36187508461457,0.248997787212358,0.916523690989857,NA,0.280338366669302,0.57058214807578,1,113.642857142857,0.307331607752478
"Tadarida teniotis",1,0.475334018499486,0.032258064516129,0.122710622710623,0.332129963898917,0.115591397849462,1,0.265765765765766,0.132827324478178,0.176666666666667,0.522671010381333,1.07546082768289,0.314140142941443,0.904651106438608,0.2,0.302316388647324,0.383316897010489,1,137.1875,0.30957714471482
"Megaloglossus woermanni",1,0.150565262076053,0.0483870967741935,0.3003663003663,0.288808664259928,0.305555555555556,1,0.265765765765766,0.119544592030361,0.21825,0.503989506359447,0.737621749265733,0.317414697625243,0.623281397128202,0.2,0.302316388647324,0.393690452646533,1,129.25,0.30987415460352
"Scotophilus leucogaster",1,0.0940390544707091,0.0349462365591398,0.3003663003663,0.335740072202166,0.0896057347670251,1,0.265765765765766,0.370018975332068,0.227666666666667,0.519540367012876,0.737621749265733,0.314051772445765,0.917690721612167,0.2,0.302316388647324,0.250341555146308,1,125,0.311310267432897
"Scotophilus heathii",1,0.0369989722507708,0.120071684587814,0.652014652014652,0.563176895306859,0.0564516129032258,NA,0.475225225225225,0.276091081593928,0.244416666666667,0.418757213759284,0.493257746318137,0.221054225217242,0.934026908787384,NA,0.280338366669302,0.295661310768266,1,137.642857142857,0.311432874840353
"Myotis dasycneme",1,0.237410071942446,0.113799283154122,0.122710622710623,0.292418772563177,0.120071684587814,1,0.265765765765766,0.389943074003795,0.200666666666667,0.42122135764072,1.07546082768289,0.317269962318537,0.901512345038972,0.2,0.302316388647324,0.242903599404372,1,152.75,0.317764909340968
"Barbastella barbastellus",0,0.163926002055498,0.0833333333333333,0.157509157509158,0.382671480144404,0.175627240143369,0.36426116838488,0.695945945945946,0.523719165085389,0.215583333333333,0.459219682635725,1.02317095474501,0.31025006181037,0.847182448709916,0.4,0.225393311724247,0.199769279509852,1,169.625,0.318374186575247
"Hypsugo savii",1,0.18191161356629,0.0734767025089606,0.3003663003663,0.303249097472924,0.158602150537634,1,0.265765765765766,0.268500948766603,0.211916666666667,0.469206230306038,0.737621749265733,0.316754902403648,0.869202670516942,0.2,0.302316388647324,0.299872314377021,1,136.1875,0.31898407237306
"Hipposideros ruber",1,0.347893114080164,0.0994623655913978,0.3003663003663,0.259927797833935,0.0994623655913978,1,0.265765765765766,0.181214421252372,0.185333333333333,0.43690692851321,0.737621749265733,0.319301943977855,0.912344302696269,0.2,0.302316388647324,0.354655376679854,1,138.75,0.319261516310167
"Pipistrellus hesperidus",1,0.141829393627955,0.0448028673835125,0.652014652014652,0.592057761732852,0.157706093189964,NA,0.475225225225225,0.183111954459203,0.22,0.506888785812583,0.493257746318137,0.219933271366329,0.870049489593108,NA,0.280338366669302,0.354369917235357,1,143.5,0.320963992519052
"Pteronotus parnellii",1,0.980472764645427,0.612903225806452,0.0293040293040293,0.101083032490975,0.283154121863799,0.151202749140893,0.0900900900900901,0.321631878557875,0.109833333333333,0.0766734758773148,1.47928872297985,0.460276088826713,0.660512938079925,0.6,0.346272432603368,0.270230768768987,1,296.375,0.321230236487442
"Myotis blythii",0,0.0770811921891059,0.296594982078853,0.21978021978022,0.245487364620939,0.0734767025089606,0.36426116838488,0.695945945945946,0.600569259962049,0.232083333333333,0.263725897622596,0.846114482672009,0.322852250763831,0.926398173131897,0.4,0.225393311724247,0.17572490336938,1,182.0625,0.321649604433869
"Rhinopoma hardwickii",1,0.533401849948613,0.0152329749103943,0.3003663003663,0.379061371841155,0.0241935483870968,1,0.265765765765766,0.0787476280834915,0.173833333333333,0.560015681688496,0.737621749265733,0.311264582265205,0.953546044128978,0.2,0.302316388647324,0.425005313877163,1,129.6875,0.324596179912852
"Rhinolophus rex",1,0.452209660842754,0.112903225806452,0.3003663003663,0.227436823104693,0.238351254480287,1,0.265765765765766,0.0104364326375712,0.177833333333333,0.422766202070722,0.737621749265733,0.356687247078875,0.757173474723069,0.2,0.302316388647324,0.554030838920263,1,149.0625,0.325933682875478
"Ptenochirus jagori",1,0.253340184994861,0.148745519713262,0.652014652014652,0.55956678700361,0.166666666666667,NA,0.475225225225225,0.0341555977229602,0.1965,0.396175472622696,0.493257746318137,0.221072123193086,0.86119256153982,NA,0.280338366669302,0.47736194912748,1,153.285714285714,0.32710209047732
"Pteropus scapulatus",0,0.334532374100719,0.28673835125448,0.256410256410256,0.148014440433213,0.292114695340502,0.151202749140893,0.623873873873874,0.543643263757116,0.186666666666667,0.269096365230221,0.75362158649801,0.408607677435228,0.646909418997138,0.6,0.247371333702269,0.193525106866046,1,227,0.329566250538882
"Myotis myotis",0,0.118705035971223,0.218637992831541,0.21978021978022,0.263537906137184,0.136200716845878,0.36426116838488,0.695945945945946,0.61954459203036,0.22375,0.336221052731837,0.846114482672009,0.319155983067805,0.885110476613355,0.4,0.225393311724247,0.168579099059609,1,188.125,0.329576697240904
"Mops condylurus",1,0.36639260020555,0.0367383512544803,0.3003663003663,0.368231046931408,0.0277777777777778,1,0.265765765765766,0.285578747628083,0.183916666666667,0.518699543219578,0.737621749265733,0.312168934725416,0.94993076987656,0.2,0.302316388647324,0.290502145039912,1,139.75,0.331356323741171
"Vespertilio sinensis",1,0.32065775950668,0.102150537634409,0.192307692307692,0.371841155234657,0.172939068100358,1,0.265765765765766,0.251423149905123,0.187916666666667,0.434863040710702,0.887810463927241,0.31208798378503,0.856261966447581,0.2,0.302316388647324,0.313047919809862,1,155.5,0.334635641056836
"Pipistrellus pygmaeus",1,0.220966084275437,0.101254480286738,0.652014652014652,0.646209386281588,0.149641577060932,NA,0.475225225225225,0.136622390891841,0.203916666666667,0.435424952077174,0.493257746318137,0.21843078415299,0.87543425245672,NA,0.280338366669302,0.379930559142926,1,157.357142857143,0.34027625657663
"Chaerephon plicatus",1,0.229188078108941,0.118279569892473,0.565934065934066,0.411552346570397,0.021505376344086,1,0.265765765765766,0.114800759013283,0.202916666666667,0.419221356433512,0.560227153668581,0.30600358061853,0.954533632133559,0.2,0.302316388647324,0.395341647497283,1,121.625,0.340878245203627
"Miniopterus magnater",0,0.194758478931141,0.0725806451612903,0.3003663003663,0.364620938628159,0.139784946236559,1,0.265765765765766,0.409867172675522,0.209083333333333,0.469675941822625,0.737621749265733,0.312189383448493,0.883287179937882,0.2,0.302316388647324,0.234468191004554,1,155.75,0.343468030970592
"Hipposideros bicolor",0,0.268242548818088,0.147849462365591,0.347985347985348,0.415162454873646,0.109318996415771,0.36426116838488,0.695945945945946,0.410815939278937,0.194416666666667,0.396444275086663,0.704032033716864,0.304017101122437,0.907553120843611,0.4,0.225393311724247,0.234153685877877,1,174.8125,0.344947733008526
"Myotis nattereri",0,0.110483042137718,0.220430107526882,0.21978021978022,0.306859205776173,0.104838709677419,0.36426116838488,0.695945945945946,0.739089184060721,0.22525,0.334419271527441,0.846114482672009,0.316431817906432,0.909115040657686,0.4,0.225393311724247,0.133487493727441,1,200.25,0.345210947911245
"Tylonycteris pachypus",1,0.0113052415210689,0.163978494623656,0.652014652014652,0.657039711191336,0.127240143369176,NA,0.475225225225225,0.342504743833017,0.26475,0.388071563218603,0.493257746318137,0.218169060257924,0.891591032312855,NA,0.280338366669302,0.263177197250157,1,166.071428571429,0.347044030254019
"Hipposideros galeritus",1,0.196300102774923,0.132616487455197,0.652014652014652,0.776173285198556,0.0125448028673835,NA,0.475225225225225,0.19449715370019,0.208833333333333,0.406068470822128,0.493257746318137,0.216537835038419,0.960348626609747,NA,0.280338366669302,0.347133798102539,1,150.928571428571,0.348481672748018
"Myotis emarginatus",1,0.144912641315519,0.208781362007168,0.3003663003663,0.314079422382672,0.145161290322581,1,0.265765765765766,0.434535104364326,0.218916666666667,0.347690150651212,0.737621749265733,0.31594176656654,0.879517285752379,0.2,0.302316388647324,0.224448517984732,1,170.9375,0.351700235815541
"Myotis horsfieldii",1,0.0102774922918808,0.17741935483871,0.3003663003663,0.342960288808664,0.138888888888889,1,0.265765765765766,0.579696394686907,0.265416666666667,0.38062023766269,0.737621749265733,0.313822219092369,0.883564030580983,0.2,0.302316388647324,0.179271308978093,1,169.4375,0.35192181070589
"Pteropus vampyrus",0,0.0210688591983556,0.0313620071684588,0.787545787545788,0.407942238267148,0.0295698924731183,0.36426116838488,0.695945945945946,0.500948766603416,0.253583333333333,0.522807151834873,0.386491877507411,0.306124894465796,0.94971080911348,0.4,0.225393311724247,0.206841782063348,1,144,0.354830583198389
"Hipposideros gigas",1,0.561151079136691,0.0421146953405018,0.3003663003663,0.357400722021661,0.0922939068100358,1,0.265765765765766,0.244781783681214,0.171916666666667,0.509873530865745,0.737621749265733,0.312694230058105,0.916218593719191,0.2,0.302316388647324,0.317165763933145,1,167.4375,0.357984281640271
"Triaenops persicus",1,0.621788283658787,0.138888888888889,0.3003663003663,0.36101083032491,0.0860215053763441,1,0.265765765765766,0.0986717267552182,0.16775,0.4028705625234,0.737621749265733,0.312305262983241,0.919390487298724,0.2,0.302316388647324,0.412641879883926,1,168.3125,0.359064162642027
"Hipposideros lekaguli",1,0.433196300102775,0.128136200716846,0.3003663003663,0.375451263537906,0.224910394265233,1,0.265765765765766,0.195445920303605,0.178583333333333,0.409777300195779,0.737621749265733,0.311758498181169,0.772308186393212,0.2,0.302316388647324,0.347002391464592,1,176.5,0.365409018132304
"Sturnira lilium",0,0.730729701952724,0.461469534050179,0.0934065934065934,0.0541516245487365,0.323476702508961,0.151202749140893,0.36036036036036,0.760910815939279,0.141083333333333,0.14355952095897,1.21581822816075,0.514267635292656,0.592288608523667,0.6,0.291327377658313,0.126587490983268,1,316.4375,0.366963510238466
"Neoromicia somalicus",1,NA,0.0788530465949821,0.652014652014652,0.577617328519856,0.195340501792115,NA,0.475225225225225,0.240986717267552,NA,0.462926637028476,0.493257746318137,0.220355785304449,0.822668090282006,NA,0.280338366669302,0.318167512972607,1,167.25,0.37000624523573
"Pteronotus davyi",1,0.736382322713258,0.640681003584229,0.0164835164835165,0.176895306859206,0.609318996415771,0.36426116838488,0.148648648648649,0.272296015180266,0.140666666666667,0.069646667168291,1.56891861880574,0.393158874788179,0.296895274824595,0.4,0.324294410625346,0.297491469445995,1,317.25,0.370620872283722
"Pipistrellus deserti",1,0.306269270298047,0.0958781362007168,0.652014652014652,0.51985559566787,0.383512544802867,NA,0.475225225225225,0.190702087286528,0.189583333333333,0.44196936845825,0.493257746318137,0.223813123242831,0.517003149506077,NA,0.280338366669302,0.34960646134864,1,208.785714285714,0.374779644499415
"Pteropus hypomelanus",0,0.207605344295992,0.0842293906810036,0.728937728937729,0.393501805054152,0.043010752688172,0.36426116838488,0.695945945945946,0.481973434535104,0.207083333333333,0.458421361968599,0.454251703768235,0.307148912006059,0.94168343536192,0.4,0.225393311724247,0.211696785530981,1,170.9375,0.374933196315372
"Hypsugo pulveratus",1,NA,0.0887096774193548,0.652014652014652,0.685920577617328,0.148745519713262,NA,0.475225225225225,0.207779886148008,NA,0.452735913400852,0.493257746318137,0.217662959373808,0.876263774937326,NA,0.280338366669302,0.338666891693359,1,159.583333333333,0.376399256356305
"Artibeus phaeotis",1,0.774922918807811,0.46415770609319,0.0366300366300366,0.0649819494584837,0.795698924731183,0.36426116838488,0.0472972972972973,0.463946869070209,0.137583333333333,0.142127985160174,1.3920709996623,0.504324104131033,0.148805200340711,0.4,0.36825045458139,0.216373296814942,1,342.5625,0.376487108809136
"Ia io",1,0.0493319630010277,0.127240143369176,0.652014652014652,0.895306859205776,0.0833333333333333,NA,0.475225225225225,0.362428842504744,0.239416666666667,0.409988754465432,0.493257746318137,0.214680482688426,0.921109289164356,NA,0.280338366669302,0.252987897722883,1,170.928571428571,0.377840145521991
"Molossus rufus",0,0.81294964028777,0.671146953405018,0.0586080586080586,0.0613718411552347,0.35663082437276,0.0412371134020619,0.36036036036036,0.769449715370019,0.134,0.0654252016893014,1.35554576840495,0.506000617484583,0.549557581349038,0.8,0.291327377658313,0.124138431528602,1,358.5,0.39146931337016
"Myotis punicus",1,0.276464542651593,0.103046594982079,0.3003663003663,0.324909747292419,0.450716845878136,1,0.265765765765766,0.436432637571158,0.193583333333333,0.434294279024044,0.737621749265733,0.31456819540266,0.449351323858587,0.2,0.302316388647324,0.224272891346876,1,215.4375,0.394712804313431
"Eptesicus nilssonii",1,0.250770811921891,0.130824372759857,0.652014652014652,0.826714801444043,0.17831541218638,NA,0.475225225225225,0.253320683111954,0.196916666666667,0.407921267667766,0.493257746318137,0.215729628630138,0.845122334576472,NA,0.280338366669302,0.311953074295562,1,195.5,0.395312279809143
"Rhinolophus creaghi",1,0.294964028776978,0.382616487455197,0.652014652014652,0.451263537906137,0.421146953405018,NA,0.475225225225225,0.100569259962049,0.1905,0.184147864647069,0.493257746318137,0.255772449544483,0.482203770965029,NA,0.280338366669302,0.411276992022637,1,242.642857142857,0.396828592106465
"Myotis nigricans",0,0.229188078108941,0.705197132616487,0.0494505494505494,0.111913357400722,0.362903225806452,0.151202749140893,0.594594594594595,0.994307400379507,0.202916666666667,0.0561265837885766,1.37111214080112,0.456485832878193,0.545563498565707,0.6,0.269349355680291,0.0313364419973162,1,332.6875,0.399844635937268
"Glauconycteris variegata",1,0.121274409044193,0.0689964157706093,0.652014652014652,0.736462093862816,0.190860215053763,NA,0.475225225225225,0.555977229601518,0.223416666666667,0.474784399905706,0.493257746318137,0.217238412020991,0.827507908298415,NA,0.280338366669302,0.189777769073037,1,211.642857142857,0.400115748653254
"Nycteris macrotis",1,0.550359712230216,0.039426523297491,0.652014652014652,0.88086642599278,0.0474910394265233,NA,0.475225225225225,0.170777988614801,0.172666666666667,0.513999418306794,0.493257746318137,0.215064259042542,0.939354010081601,NA,0.280338366669302,0.362838482335329,1,191.428571428571,0.402308795257384
"Megaerops kusnotoi",1,0.416238437821172,0.216845878136201,0.652014652014652,0.527075812274368,0.461469534050179,NA,0.475225225225225,0.11100569259962,0.179833333333333,0.339891452517139,0.493257746318137,0.223139965819496,0.430813077079861,NA,0.280338366669302,0.4013514094576,1,244.071428571429,0.408553604588774
"Eptesicus fuscus",0,0.266187050359712,0.827956989247312,0.0494505494505494,0.108303249097473,0.53673835125448,0.151202749140893,0.594594594594595,0.770398481973435,0.194666666666667,0.0334919385497742,1.37111214080112,0.456973643053918,0.373056876543928,0.6,0.269349355680291,0.123615592090002,1,348.9375,0.413104001889806
"Eidolon dupreanum",1,0.307810894141829,0.310035842293907,0.78021978021978,0.317689530685921,0.265232974910394,1,0.265765765765766,0.0730550284629981,0.1895,0.247734573320009,0.402620295097752,0.315617360106782,0.697711899188132,0.2,0.302316388647324,0.432917444058887,1,190.5,0.414976227060074
"Acerodon celebensis",1,0.364850976361768,0.329749103942652,0.652014652014652,0.595667870036101,0.318100358422939,NA,0.475225225225225,0.172675521821632,0.184,0.23369874757713,0.493257746318137,0.21982454525167,0.604385593688289,NA,0.280338366669302,0.361190221467096,1,244.071428571429,0.415469101117853
"Hypsignathus monstrosus",0,0.0441932168550874,0.00985663082437276,0.996336996336996,0.202166064981949,0.010752688172043,1,0.623873873873874,0.443074003795066,0.241416666666667,0.599383739455064,0.184056874477936,0.384191841848277,0.961280787121243,0.2,0.247371333702269,0.221968567643562,1,143.125,0.416281684354924
"Glossophaga soricina",0,0.749229188078109,0.628136200716846,0.0934065934065934,0.0685920577617329,0.353046594982079,0.151202749140893,0.36036036036036,0.94022770398482,0.139583333333333,0.0737729143267445,1.21581822816075,0.50294779720414,0.552543907331754,0.6,0.291327377658313,0.0644731737620009,1,370.1875,0.418025181053929
"Rhinolophus eloquens",0,0.177800616649538,0.49910394265233,0.978021978021978,0.231046931407942,0.235663082437276,NA,0.695945945945946,0.124288425047438,0.212583333333333,0.129988160852288,0.211348794361699,0.348439915646671,0.759003188892088,NA,0.225393311724247,0.392220986519956,1,229.928571428571,0.420267274594635
"Hipposideros commersoni",1,0.878725590955807,0.0340501792114695,0.652014652014652,0.787003610108303,0.003584229390681,NA,0.475225225225225,0.148007590132827,0.125,0.521319194130313,0.493257746318137,0.216371640610795,0.972135032204213,NA,0.280338366669302,0.374796483155043,1,222.071428571429,0.425515868148424
"Rhinolophus cornutus",1,NA,0.318996415770609,0.652014652014652,0.750902527075812,0.347670250896057,NA,0.475225225225225,0.0218216318785579,NA,0.239196127036783,0.493257746318137,0.216840845457872,0.560012909470056,NA,0.280338366669302,0.508335243530845,1,209.75,0.427771783810152
"Myotis mystacinus",0,0.117163412127441,0.650537634408602,0.157509157509158,0.296028880866426,0.491039426523298,0.36426116838488,0.695945945945946,0.653700189753321,0.224,0.0689979390459354,1.02317095474501,0.317174950168138,0.399550803785977,0.4,0.225393311724247,0.159885625314873,1,301.1875,0.428273226939884
"Hipposideros cervinus",1,0.380267214799589,0.255376344086022,0.652014652014652,0.765342960288809,0.257168458781362,NA,0.475225225225225,0.235294117647059,0.182583333333333,0.300979171357757,0.493257746318137,0.216603817986677,0.715075609972713,NA,0.280338366669302,0.320871207122641,1,240.785714285714,0.431526996120388
"Myotis lucifugus",0,0.547790339157246,0.604390681003584,0.0494505494505494,0.104693140794224,0.541218637992832,0.151202749140893,0.594594594594595,0.90607210626186,0.173,0.0796846674005473,1.37111214080112,0.458059574047061,0.369225314481462,0.6,0.269349355680291,0.07842067568032,1,370.375,0.437426599799473
"Molossus molossus",0,0.749229188078109,0.634408602150538,0.172161172161172,0.205776173285199,0.431003584229391,0.151202749140893,0.623873873873874,0.570208728652751,0.139583333333333,0.0710994673476524,1.02314595390393,0.383003423505742,0.473487569407244,0.6,0.247371333702269,0.182385314933734,1,347.9375,0.442233008946491
"Myotis pequinius",1,0.353545734840699,0.25089605734767,0.652014652014652,0.833935018050541,0.224014336917563,NA,0.475225225225225,0.33111954459203,0.184833333333333,0.304169065912735,0.493257746318137,0.215720106956051,0.772448843806197,NA,0.280338366669302,0.268027891796678,1,248.214285714286,0.445821509855483
"Rhinolophus coelophyllus",0,0.0781089414182939,0.0815412186379928,0.847985347985348,0.465703971119134,0.032258064516129,1,1,0.0863377609108159,0.231416666666667,0.460327858799952,0.368754936747572,0.251275393899949,0.948003896747848,0.2,0.203415289746225,0.419679024855449,1,127.75,0.448991913073464
"Phyllostomus hastatus",0,0.784172661870504,0.92741935483871,0.142857142857143,0.0722021660649819,0.327060931899642,0.151202749140893,0.36036036036036,0.849146110056926,0.136416666666667,0.020406207049528,1.04492506263754,0.490477520667739,0.5899029380826,0.6,0.291327377658313,0.0958010041833629,1,402.375,0.451802684636145
"Tadarida brasiliensis",0,0.717368961973278,0.798387096774194,0.0494505494505494,0.0938628158844765,0.523297491039427,0.151202749140893,0.594594594594595,0.714421252371917,0.142666666666667,0.0377865742462825,1.37111214080112,0.4637365751402,0.385887402004423,0.6,0.269349355680291,0.141822858152024,1,389.9375,0.455323188903666
"Uroderma bilobatum",0,0.76978417266187,0.520609318996416,0.241758241758242,0.140794223826715,0.289426523297491,0.36426116838488,0.594594594594595,0.759962049335863,0.138083333333333,0.116939058010338,0.818816409561624,0.421695396293917,0.652791880462282,0.4,0.269349355680291,0.126902398787017,1,343,0.460148786607009
"Hipposideros fuliginosus",1,0.649537512846865,0.206093189964158,0.652014652014652,0.805054151624549,0.270609318996416,NA,0.475225225225225,0.179316888045541,0.159416666666667,0.352450139274903,0.493257746318137,0.216067927293975,0.684447676359431,NA,0.280338366669302,0.355698185482299,1,265.642857142857,0.462550134102487
"Pteropus rufus",1,0.548818088386434,0.338709677419355,0.78021978021978,0.386281588447653,0.315412186379928,1,0.265765765765766,0.127134724857685,0.172833333333333,0.224043273376428,0.402620295097752,0.30938865656647,0.606663775193941,0.2,0.302316388647324,0.38642718221815,1,240.3125,0.470292726434575
"Myotis septentrionalis",0,0.491778006166495,0.890681003584229,0.102564102564103,0.126353790613718,0.762544802867383,0.151202749140893,0.594594594594595,0.67741935483871,0.17575,0.023769111231525,1.1387817958313,0.445885259373847,0.172252517835057,0.6,0.269349355680291,0.151017645702749,1,406.8125,0.474642300546266
"Epomophorus wahlbergi",0,0.0755395683453237,0.17921146953405,0.456043956043956,0.501805054151625,0.183691756272401,1,1,0.438330170777989,0.232333333333333,0.379776200698401,0.593254414531072,0.239124785294095,0.837544706686582,0.2,0.203415289746225,0.224124744236171,1,196.4375,0.479327746890668
"Carollia brevicauda",0,0.755909558067831,0.507168458781362,0.238095238095238,0.209386281588448,0.341397849462366,0.36426116838488,0.623873873873874,0.847248576850095,0.139416666666667,0.125757825229184,0.839449266308155,0.380715649420059,0.566231440897986,0.4,0.247371333702269,0.096037235823088,1,361.25,0.485917625638012
"Rhinolophus monoceros",1,NA,0.380824372759857,0.652014652014652,0.628158844765343,0.790322580645161,NA,0.475225225225225,0.0246679316888046,NA,0.185764282762635,0.493257746318137,0.219158276525588,0.152619050480087,NA,0.280338366669302,0.498788403247345,1,298.416666666667,0.491868934516507
"Rhinolophus rouxii",0,0.191675231243577,0.188172043010753,0.752747252747253,0.444043321299639,0.0770609318996416,1,1,0.343453510436433,0.20925,0.371301510869688,0.442299748138695,0.257409335615085,0.923784688372369,0.2,0.203415289746225,0.262968606725231,1,192.5625,0.499644036329662
"Epomops dobsonii",0,0.146968139773895,0.244623655913978,0.456043956043956,0.505415162454874,0.32258064516129,1,1,0.327324478178368,0.218583333333333,0.307380385178821,0.593254414531072,0.233823554285363,0.594109745331277,0.2,0.203415289746225,0.268775328845347,1,219.125,0.500369504690795
"Rhinolophus hildebrandtii",0,0.139773895169579,0.443548387096774,0.968864468864469,0.494584837545126,0.293010752688172,NA,1,0.217267552182163,0.220166666666667,0.151616388799764,0.227812839370122,0.242044848674227,0.64349953448858,NA,0.203415289746225,0.3338087351653,1,258.642857142857,0.508149984792326
"Rhinolophus simulator",0,0.236382322713258,0.181003584229391,0.847985347985348,0.490974729241877,0.199820788530466,1,1,0.14326375711575,0.200833333333333,0.377063076066719,0.368754936747572,0.248282754297662,0.817475874896407,0.2,0.203415289746225,0.377727582413422,1,192.625,0.512428816227011
"Pipistrellus subflavus",0,0.361767728674203,0.731182795698925,0.21978021978022,0.23826714801444,0.741935483870968,0.36426116838488,0.695945945945946,0.763757115749526,0.184166666666667,0.0504897114981501,0.846114482672009,0.325548677731108,0.18977162197877,0.4,0.225393311724247,0.12582939683288,1,391.8125,0.514612200764888
"Nyctinomops laticaudatus",1,0.856115107913669,0.669354838709677,0.122710622710623,0.32129963898917,0.401433691756272,1,0.265765765765766,0.490512333965844,0.128583333333333,0.0655641793690894,1.07546082768289,0.314772134395868,0.502355858164597,0.2,0.302316388647324,0.208420983919423,1,359,0.515898999976378
"Myotis velifer",0,0.314491264131552,0.724014336917563,0.21978021978022,0.249097472924188,0.767025089605735,0.36426116838488,0.695945945945946,0.796015180265655,0.188583333333333,0.051096603487075,0.846114482672009,0.322499610905522,0.169589150118264,0.4,0.225393311724247,0.115131038854388,1,393.1875,0.516328834744467
"Pteropus poliocephalus",0,0.58273381294964,0.568996415770609,0.923076923076923,0.1985559566787,0.386200716845878,0.36426116838488,0.623873873873874,0.518975332068311,0.17075,0.0915476361693912,0.359987156726851,0.38786393837934,0.515556879137404,0.4,0.247371333702269,0.202162617253914,1,334.8125,0.520834274956102
"Hipposideros diadema",0,0.120246659815005,0.124551971326165,0.847985347985348,0.617328519855596,0.128136200716846,1,1,0.367172675521822,0.223666666666667,0.410868929930825,0.368754936747572,0.219225520449682,0.890607275640769,0.2,0.203415289746225,0.250472020521235,1,194.5,0.525677671902598
"Eumops glaucinus",1,0.832476875642343,0.594982078853047,0.122710622710623,0.277978339350181,0.568996415770609,1,0.265765765765766,0.554079696394687,0.131416666666667,0.0822667584769312,1.07546082768289,0.318135860326928,0.339387770009741,0.2,0.302316388647324,0.189979663523754,1,376,0.527123724310907
"Mormoops megalophylla",0,0.696813977389517,0.710573476702509,0.157509157509158,0.404332129963899,0.594086021505376,0.36426116838488,0.695945945945946,0.636622390891841,0.144666666666667,0.0549322464228376,1.02317095474501,0.306728636078984,0.316122554814163,0.4,0.225393311724247,0.163692487117137,1,395.9375,0.532518033536641
"Myotis riparius",0,0.246659815005139,0.793010752688172,0.21978021978022,0.270758122743682,0.672939068100358,0.36426116838488,0.695945945945946,0.999051233396584,0.19825,0.0379843470202815,0.846114482672009,0.318338748077351,0.232981683723823,0.4,0.225393311724247,0.0192139557005635,1,408.9375,0.532800790755623
"Dobsonia moluccensis",1,0.584275436793422,0.396057347670251,0.78021978021978,0.397111913357401,0.74910394265233,1,0.265765765765766,0.104364326375712,0.170666666666667,0.176412868981047,0.402620295097752,0.30708705699256,0.184810833143286,0.2,0.302316388647324,0.407904437113011,1,310.5,0.534612314104333
"Scotophilus nigrita",0,0.134635149023638,0.0385304659498208,0.752747252747253,0.682310469314079,0.0376344086021505,1,1,0.637571157495256,0.220916666666667,0.514496979671045,0.442299748138695,0.21772254660527,0.944242178262463,0.2,0.203415289746225,0.163649192391174,1,206.25,0.535428612891525
"Hipposideros abae",0,0.535971223021583,0.203405017921147,0.93040293040293,0.422382671480144,0.217741935483871,1,0.695945945945946,0.354838709677419,0.17375,0.356251929973481,0.328230614920047,0.303096913417447,0.776193699964243,0.2,0.225393311724247,0.257795054219609,1,254.5625,0.54508605424163
"Carollia sowelli",1,NA,0.468637992831541,0.652014652014652,NA,0.585125448028674,NA,0.475225225225225,NA,NA,0.139705579694085,0.493257746318137,NA,0.326454339613498,NA,0.280338366669302,NA,1,364.875,0.545250829525023
"Hipposideros cineraceus",0,0.0570400822199383,0.169354838709677,0.752747252747253,0.963898916967509,0.140681003584229,1,1,0.278937381404175,0.23725,0.383870013534596,0.442299748138695,0.210343670543333,0.882686016440414,0.2,0.203415289746225,0.294958851500897,1,191.9375,0.545332434454098
"Nyctalus lasiopterus",0,0.202466598150051,0.0949820788530466,0.847985347985348,0.534296028880866,0.100358422939068,1,1,0.588235294117647,0.208,0.442857148075043,0.368754936747572,0.222736618244615,0.910919602253529,0.2,0.203415289746225,0.177099581479897,1,222.75,0.546040471365753
"Nyctalus plancyi",0,0.16032887975334,0.24910394265233,0.847985347985348,0.537906137184116,0.17921146953405,1,1,0.446869070208729,0.216666666666667,0.305803260705237,0.368754936747572,0.222676268116958,0.845117958377895,0.2,0.203415289746225,0.220878475508416,1,231.625,0.552675605914739
"Myotis brandtii",0,0.168036998972251,0.0672043010752688,0.847985347985348,0.67870036101083,0.0743727598566308,1,1,0.590132827324478,0.215333333333333,0.47762477122715,0.368754936747572,0.217764142665012,0.925189522462125,0.2,0.203415289746225,0.177002307733824,1,216.3125,0.553304074528101
"Pteronotus personatus",1,0.76978417266187,0.603046594982079,0.652014652014652,0.790613718411552,0.263440860215054,NA,0.475225225225225,0.347248576850095,0.138083333333333,0.0797124375575299,0.493257746318137,0.216318733315281,0.698958559596105,NA,0.280338366669302,0.261047371110802,1,369.214285714286,0.557339114337218
"Tylonycteris robustula",0,0.013360739979445,0.0931899641577061,0.847985347985348,0.815884476534296,0.110215053763441,1,1,0.631878557874763,0.2615,0.449548928551334,0.368754936747572,0.215967370894556,0.90753878410017,0.2,0.203415289746225,0.164474498075825,1,216.375,0.564064267536875
"Myotis capaccinii",0,0.193216855087359,0.0824372759856631,0.847985347985348,0.620938628158845,0.116487455197133,1,1,0.674573055028463,0.209166666666667,0.460291852727166,0.368754936747572,0.219219050412172,0.902843472537279,0.2,0.203415289746225,0.151327474623971,1,236.5,0.566954827180351
"Saccolaimus saccolaimus",0,0.326824254881809,0.134408602150538,0.456043956043956,0.8014440433213,0.0546594982078853,1,1,0.768500948766603,0.187166666666667,0.404913108450627,0.593254414531072,0.216102664049993,0.935869954653878,0.2,0.203415289746225,0.12461623015393,1,256.625,0.567735162921511
"Myotis volans",0,0.396197327852004,0.896057347670251,0.21978021978022,0.267148014440433,0.879928315412186,0.36426116838488,0.695945945945946,0.841555977229602,0.181416666666667,0.023089894206943,0.846114482672009,0.31834529208757,0.0962223112716197,0.4,0.225393311724247,0.0983386072587297,1,449.5,0.57010928958944
"Artibeus cinereus",0,0.675231243576567,0.593189964157706,0.157509157509158,0.350180505415162,0.870071684587814,0.36426116838488,0.695945945945946,0.888045540796964,0.147333333333333,0.0827000367964136,1.02317095474501,0.313007643508362,0.101404078949923,0.4,0.225393311724247,0.0847652939798481,1,446.6875,0.574304401296775
"Philetor brachypterus",0,0.116135662898253,0.163082437275986,0.456043956043956,0.808664259927798,0.254480286738351,1,1,0.798861480075901,0.224333333333333,0.388173811310124,0.593254414531072,0.216048126468653,0.722570408933409,0.2,0.203415289746225,0.113771107420886,1,267.125,0.574658510370031
"Myotis keenii",0,0.44912641315519,0.945340501792115,0.252747252747253,0.191335740072202,0.970430107526882,0.36426116838488,0.623873873873874,0.806451612903226,0.177916666666667,0.017496793144707,0.764871685405556,0.389102602972872,0.0405826975393272,0.4,0.247371333702269,0.111853378197109,1,467.3125,0.575445833806953
"Anoura geoffroyi",0,0.758478931140802,0.590501792114695,0.573260073260073,0.436823104693141,0.274193548387097,0.36426116838488,0.695945945945946,0.951612903225806,0.13925,0.0848475340379847,0.536058955477603,0.297598574203124,0.676193135559672,0.4,0.225393311724247,0.0606047931055883,1,398.875,0.580634683394055
"Scotophilus nux",0,0.131551901336074,0.201612903225806,0.847985347985348,0.552346570397112,0.269713261648746,1,1,0.66888045540797,0.221833333333333,0.357633037299475,0.368754936747572,0.221421218288352,0.685430950374067,0.2,0.203415289746225,0.154023401418547,1,263.875,0.584011305000132
"Rhinonicteris aurantia",1,0.954779033915725,0.409498207885305,0.652014652014652,0.927797833935018,0.503584229390681,NA,0.475225225225225,0.187855787476281,0.115916666666667,0.168656327668574,0.493257746318137,0.212965423552331,0.395318050009747,NA,0.280338366669302,0.351136660020672,1,383.785714285714,0.587250709977555
"Cynomops abrasus",0,0.794450154162384,0.885304659498208,0.21978021978022,0.24187725631769,0.646953405017921,0.36426116838488,0.695945945945946,0.863377609108159,0.135583333333333,0.0246964553575784,0.846114482672009,0.325508122886803,0.252342108309119,0.4,0.225393311724247,0.0905758262517292,1,465.9375,0.588993802276926
"Murina aurata",0,0.0842754367934224,0.221326164874552,0.752747252747253,0.906137184115523,0.28584229390681,1,1,0.49146110056926,0.229416666666667,0.332020472262549,0.442299748138695,0.214497313528792,0.65715474337542,0.2,0.203415289746225,0.208231192114548,1,248.75,0.592723679125853
"Hipposideros vittatus",0,0.565775950668037,0.0698924731182796,0.847985347985348,0.884476534296029,0.0851254480286738,1,1,0.303605313092979,0.171666666666667,0.470667143147011,0.368754936747572,0.214864754709099,0.9201088154921,0.2,0.203415289746225,0.278432596626327,1,235.9375,0.594607633398668
"Pipistrellus inexspectatus",0,0.152106885919836,0.270609318996416,0.847985347985348,0.700361010830325,0.309139784946237,1,1,0.524667931688805,0.218166666666667,0.284276202658946,0.368754936747572,0.217534932786333,0.61864927191014,0.2,0.203415289746225,0.199517518943104,1,267.625,0.600608785045871
"Miniopterus inflatus",0,0.646454265159301,0.326164874551971,0.948717948717949,0.418772563176895,0.256272401433692,1,0.695945945945946,0.529411764705882,0.160333333333333,0.236458969222411,0.294557025099083,0.303947699242836,0.718840677021398,0.2,0.225393311724247,0.198227720277132,1,314,0.602717470461455
"Syconycteris australis",0,0.387461459403905,0.39426523297491,0.957875457875458,0.523465703971119,0.633512544802867,NA,1,0.344402277039848,0.181916666666667,0.178005700122432,0.240676379757654,0.223270881269291,0.268764485235127,NA,0.203415289746225,0.262936717738313,1,359.357142857143,0.60585466800973
"Hipposideros speoris",0,0.659815005138746,0.166666666666667,0.752747252747253,0.96028880866426,0.0259856630824373,1,1,0.313092979127135,0.15275,0.385498141182079,0.442299748138695,0.210498947627376,0.951569054660447,0.2,0.203415289746225,0.273950538208483,1,253.25,0.609824546928312
"Miniopterus pusillus",0,0.257965056526208,0.194444444444444,0.847985347985348,0.830324909747292,0.174731182795699,1,1,0.592030360531309,0.195416666666667,0.366886514817663,0.368754936747572,0.21572359905156,0.854066221166751,0.2,0.203415289746225,0.17688433491887,1,264.5,0.612185162753788
"Lasiurus cinereus",0,0.339157245632066,0.838709677419355,0.344322344322344,0.40072202166065,0.475806451612903,1,0.695945945945946,0.818785578747628,0.186333333333333,0.0310031889300276,0.714758133166926,0.30697474877372,0.417005497335449,0.2,0.225393311724247,0.10754997562055,1,395.625,0.614181158167612
"Cynomops planirostris",0,0.819116135662898,0.862903225806452,0.21978021978022,0.339350180505415,0.765232974910394,0.36426116838488,0.695945945945946,0.864326375711575,0.13325,0.0275928899273568,0.846114482672009,0.314034533005396,0.170228482986963,0.4,0.225393311724247,0.0905197618238152,1,485.8125,0.616364528338472
"Myotis longipes",0,0.304213771839671,0.257168458781362,0.847985347985348,0.606498194945848,0.329749103942652,1,1,0.606261859582543,0.18975,0.298416831487119,0.368754936747572,0.219509990153486,0.588988422498269,0.2,0.203415289746225,0.174036537804573,1,294.625,0.618984592134678
"Neoromicia nanus",0,NA,0.0681003584229391,0.847985347985348,0.711191335740072,0.0878136200716846,1,1,0.673624288425047,NA,0.476768378074637,0.368754936747572,0.217489548652117,0.918677092574408,0.2,0.203415289746225,0.151928983680041,1,240,0.626959278663584
"Myotis macrodactylus",0,0.275436793422405,0.362903225806452,0.752747252747253,0.772563176895307,0.216845878136201,1,1,0.657495256166983,0.19375,0.202327817889431,0.442299748138695,0.216587946686165,0.777258866419538,0.2,0.203415289746225,0.157796824718636,1,299.375,0.629748947896825
"Artibeus obscurus",1,0.806783144912641,0.614695340501792,0.652014652014652,0.71841155234657,0.744623655913978,NA,0.475225225225225,0.445920303605313,0.134666666666667,0.0766477557816535,0.493257746318137,0.217465687926567,0.187850782346708,NA,0.280338366669302,0.221546911844891,1,464.928571428571,0.636810553502882
"Rhinolophus capensis",0,0.637204522096608,0.508064516129032,0.847985347985348,0.472924187725632,0.473118279569892,1,1,0.174573055028463,0.163833333333333,0.125183075816761,0.368754936747572,0.250485997724755,0.418922877084982,0.2,0.203415289746225,0.357569873503962,1,328.625,0.639233738566872
"Phyllostomus discolor",0,0.76978417266187,0.840501792114695,0.360805860805861,0.429602888086643,0.302867383512545,1,0.695945945945946,0.733396584440228,0.138083333333333,0.0307358860230187,0.598177859725381,0.298652021692359,0.629784416338299,0.2,0.225393311724247,0.135699142835506,1,414.4375,0.641613078445973
"Glauconycteris argentata",0,0.126927029804728,0.361111111111111,1,0.953068592057762,0.300179211469534,NA,1,0.77134724857685,0.2225,0.20342303277345,0.182613875611425,0.211375736795071,0.632572918622536,NA,0.203415289746225,0.12315223204391,1,347.642857142857,0.644661884717141
"Nycteris nana",0,0.57502569373073,0.21505376344086,0.957875457875458,0.974729241877256,0.361111111111111,NA,1,0.44022770398482,0.171083333333333,0.340431778586242,0.240676379757654,0.209595398572421,0.546680013925298,NA,0.203415289746225,0.223294582298603,1,345.714285714286,0.646288996002891
"Hipposideros lankadiva",0,0.673689619732785,0.172043010752688,0.752747252747253,0.956678700361011,0.170250896057348,1,1,0.469639468690702,0.147583333333333,0.382601887311159,0.442299748138695,0.21127199857413,0.857076127187788,0.2,0.203415289746225,0.214889426831989,1,296.3125,0.649381118542723
"Taphozous theobaldi",0,0.44655704008222,0.160394265232975,0.952380952380952,0.989169675090253,0.0421146953405018,1,1,0.644212523719165,0.178,0.389410615302684,0.261822133062191,0.208697916069427,0.941900764627571,0.2,0.203415289746225,0.162130640525564,1,280.125,0.654353643980758
"Eptesicus furinalis",0,0.268242548818088,0.632616487455197,0.456043956043956,0.664259927797834,0.460573476702509,1,1,0.777039848197344,0.194416666666667,0.0715152333701832,0.593254414531072,0.217930795757858,0.433153599286768,0.2,0.203415289746225,0.121312258712046,1,372,0.657347030626866
"Rhinolophus megaphyllus",0,0.484583761562179,0.726702508960573,0.847985347985348,0.48014440433213,0.627240143369176,1,1,0.159392789373814,0.176333333333333,0.050958088897497,0.368754936747572,0.249882719652263,0.277260743566161,0.2,0.203415289746225,0.368607079597686,1,360.3125,0.665756119447902
"Cardioderma cor",0,0.672147995889003,0.384408602150538,0.847985347985348,0.909747292418773,0.0761648745519713,1,1,0.495256166982922,0.14775,0.183919110582945,0.368754936747572,0.214220439406452,0.924556351372987,0.2,0.203415289746225,0.207367810783722,1,317.625,0.673213784997319
"Natalus tumidirostris",0,0.89311408016444,0.866487455197133,0.573260073260073,0.433212996389892,0.848566308243728,0.36426116838488,0.695945945945946,0.776091081593928,0.123333333333333,0.0268019721641517,0.536058955477603,0.297795109878172,0.112729774799405,0.4,0.225393311724247,0.12138176677984,1,510.625,0.681367388647502
"Platyrrhinus helleri",0,0.68705035971223,0.549283154121864,0.360805860805861,0.425992779783394,0.797491039426523,1,0.695945945945946,0.96584440227704,0.14625,0.100829536704895,0.598177859725381,0.300962842096776,0.146956696667575,0.2,0.225393311724247,0.0540048326449867,1,463.25,0.685301692759107
"Nyctinomops macrotis",0,0.753340184994861,0.681899641577061,0.456043956043956,0.729241877256318,0.288530465949821,1,1,0.584440227703985,0.1395,0.0628094236314529,0.593254414531072,0.217355648873445,0.65570201047859,0.2,0.203415289746225,0.17796631829292,1,390.75,0.68668704419075
"Pteropus neohibernicus",0,0.34224049331963,0.462365591397849,0.987179487179487,0.877256317689531,0.344982078853047,1,1,0.488614800759013,0.18575,0.142739840249625,0.184726768827405,0.215189345464999,0.562866223656588,0.2,0.203415289746225,0.20887148026442,1,328.625,0.68782984614982
"Artibeus fimbriatus",0,0.804213771839671,0.556451612903226,0.456043956043956,0.602888086642599,0.530465949820789,1,1,0.566413662239089,0.135,0.0955327816752891,0.593254414531072,0.219527963384264,0.380179987682164,0.2,0.203415289746225,0.183613018792439,1,406.4375,0.689559629936166
"Lasiurus ega",0,0.260534429599178,0.707885304659498,0.456043956043956,0.898916967509025,0.271505376344086,1,1,0.97438330170778,0.19525,0.0557776376757091,0.593254414531072,0.214637522447607,0.681927823985428,0.2,0.203415289746225,0.0512889837901671,1,389.3125,0.69615866698294
"Eptesicus brasiliensis",0,0.238437821171634,0.74820788530466,0.456043956043956,0.671480144404332,0.539426523297491,1,1,0.92314990512334,0.200416666666667,0.0463684476979936,0.593254414531072,0.217773627672106,0.372079108136549,0.2,0.203415289746225,0.072447852042824,1,415,0.697093279418177
"Antrozous pallidus",0,0.326824254881809,0.909498207885305,0.456043956043956,0.624548736462094,0.688172043010753,1,1,0.64326375711575,0.187166666666667,0.0218557583904529,0.593254414531072,0.219186323969727,0.222016882132936,0.2,0.203415289746225,0.162218882960297,1,430.5,0.706043869424958
"Diaemus youngi",0,0.790339157245632,0.621863799283154,0.456043956043956,0.72202166064982,0.232974910394265,1,1,0.860531309297913,0.135916666666667,0.0752873565200687,0.593254414531072,0.217393732105491,0.763861096315205,0.2,0.203415289746225,0.091536108444115,1,415.25,0.710471849114342
"Eumops auripendulus",0,0.757451181911614,0.71505376344086,0.456043956043956,0.714801444043321,0.304659498207885,1,1,0.738140417457306,0.139333333333333,0.0540099104097261,0.593254414531072,0.217480561712537,0.623585399262158,0.2,0.203415289746225,0.134647200942786,1,417.875,0.710768782638118
"Corynorhinus townsendii",0,0.405447070914697,0.96594982078853,0.456043956043956,0.512635379061372,0.733870967741935,1,1,0.620493358633776,0.18075,0.0132780346839992,0.593254414531072,0.231739006408232,0.193905141840272,0.2,0.203415289746225,0.168219354334516,1,447.4375,0.711805069148033
"Lasiurus xanthinus",0,0.330421377183967,0.807347670250896,0.456043956043956,0.653429602888087,0.763440860215054,1,1,0.722960151802656,0.186916666666667,0.0366719543753333,0.593254414531072,0.218244517446513,0.171675749304875,0.2,0.203415289746225,0.138319851838399,1,438.6875,0.716705452298077
"Lasionycteris noctivagans",0,0.523638232271326,0.883512544802867,0.456043956043956,0.635379061371841,0.710573476702509,1,1,0.528462998102467,0.17425,0.0248055003651778,0.593254414531072,0.218620729809902,0.208557388631003,0.2,0.203415289746225,0.198541967720503,1,439.1875,0.717201283661871
"Chalinolobus gouldii",0,0.482528263103803,0.438172043010753,0.847985347985348,0.696750902527076,0.525089605734767,1,1,0.747628083491461,0.176416666666667,0.153391654726541,0.368754936747572,0.217566468887761,0.383944372664875,0.2,0.203415289746225,0.131058008934156,1,390.5625,0.717269280731651
"Lasiurus intermedius",0,0.326824254881809,0.67831541218638,0.456043956043956,0.660649819494585,0.673835125448029,1,1,0.953510436432638,0.187166666666667,0.0633914819751672,0.593254414531072,0.218141858060769,0.232812699698564,0.2,0.203415289746225,0.0590965905637557,1,438.375,0.718647375560925
"Myotis albescens",0,0.210688591983556,0.759856630824373,0.456043956043956,0.747292418772563,0.638888888888889,1,1,0.943074003795066,0.206416666666667,0.0440281421856187,0.593254414531072,0.217026435343637,0.260892382792626,0.2,0.203415289746225,0.0631401356411821,1,432.375,0.71948056128855
"Diphylla ecaudata",0,0.696813977389517,0.589605734767025,0.456043956043956,0.931407942238267,0.206989247311828,1,1,0.907020872865275,0.144666666666667,0.084937899024053,0.593254414531072,0.212809295044249,0.802388415970876,0.2,0.203415289746225,0.0781977729103788,1,409.125,0.723485216326984
"Nycticeius humeralis",0,0.546762589928058,0.734767025089606,0.456043956043956,0.541516245487365,0.82078853046595,1,1,0.688804554079696,0.173083333333333,0.0493162648961444,0.593254414531072,0.222594066966604,0.131245076444042,0.2,0.203415289746225,0.147479586311313,1,454.5,0.723585362636829
"Saccolaimus flaviventris",0,0.977389516957862,0.424731182795699,0.456043956043956,0.873646209386282,0.433691756272401,1,1,0.628083491461101,0.111,0.16153269170065,0.593254414531072,0.215219584991347,0.471093099569807,0.2,0.203415289746225,0.165121150657859,1,413.125,0.724198264114663
"Pipistrellus hesperus",0,0.358170606372045,0.847670250896057,0.456043956043956,0.812274368231047,0.776881720430108,1,1,0.561669829222011,0.184666666666667,0.0291409766157671,0.593254414531072,0.215977935671516,0.163974365037187,0.2,0.203415289746225,0.188012162256578,1,433.8125,0.726588841399403
"Lasiurus blossevillii",0,0.245632065775951,0.842293906810036,0.456043956043956,0.794223826714801,0.732974910394265,1,1,0.756166982922201,0.198916666666667,0.0304438266801163,0.593254414531072,0.216300471235245,0.193931322930643,0.2,0.203415289746225,0.128215256544922,1,438.25,0.728416956082651
"Myotis austroriparius",0,0.465570400822199,0.799283154121864,0.456043956043956,0.59927797833935,0.837813620071685,1,1,0.699240986717268,0.17725,0.0377684915893348,0.593254414531072,0.219727508086091,0.122019862726238,0.2,0.203415289746225,0.145169601137693,1,459.375,0.73215376201454
"Euderma maculatum",0,0.47070914696814,0.832437275985663,0.456043956043956,0.63898916967509,0.847670250896057,1,1,0.647058823529412,0.176916666666667,0.0326949653996411,0.593254414531072,0.218555236724068,0.112920546864886,0.2,0.203415289746225,0.16080031147334,1,460.5,0.73661357788729
"Eumops perotis",0,0.726104830421377,0.737455197132617,0.456043956043956,0.891696750902527,0.291218637992832,1,1,0.814990512333966,0.141583333333333,0.0483203064137112,0.593254414531072,0.214711722534734,0.647865233666983,0.2,0.203415289746225,0.108762850699253,1,431.5625,0.739688735603409
"Platyrrhinus lineatus",0,0.749229188078109,0.629032258064516,0.456043956043956,0.902527075812274,0.422043010752688,1,1,0.76280834914611,0.139583333333333,0.0733377844777805,0.593254414531072,0.214606152062657,0.480589100431862,0.2,0.203415289746225,0.126285379210982,1,431,0.740210479737207
"Myotis davidii",0,0.353545734840699,0.650537634408602,0.847985347985348,0.743682310469314,0.489247311827957,1,1,0.838709677419355,0.184833333333333,0.0689979390459354,0.368754936747572,0.217171401698589,0.399856727858235,0.2,0.203415289746225,0.0991597321210916,1,413.125,0.740463502118909
"Histiotus velatus",0,0.410071942446043,0.78584229390681,0.456043956043956,0.84115523465704,0.64247311827957,1,1,0.799810246679317,0.180333333333333,0.039097077770334,0.593254414531072,0.215696842085101,0.255885651198213,0.2,0.203415289746225,0.113443594780511,1,445.125,0.741924599001592
"Myotis yumanensis",0,0.297533401849949,0.888888888888889,0.456043956043956,0.566787003610108,0.853942652329749,1,1,0.881404174573055,0.19025,0.0243158420703316,0.593254414531072,0.220702554222754,0.10958765210973,0.2,0.203415289746225,0.0870006867941487,1,476.5625,0.743075009661963
"Miniopterus natalensis",0,0.638232271325797,0.581541218637993,0.847985347985348,0.916967509025271,0.389784946236559,1,1,0.587286527514231,0.162666666666667,0.0869320735981973,0.368754936747572,0.213996056753988,0.512700677235397,0.2,0.203415289746225,0.17710960914234,1,397.125,0.74522472759065
"Myotis thysanodes",0,0.304213771839671,0.844086021505376,0.456043956043956,0.703971119133574,0.706989247311828,1,1,0.950664136622391,0.18975,0.030064650286872,0.593254414531072,0.217510920232623,0.209774077263418,0.2,0.203415289746225,0.0614265189776039,1,464.5,0.7457460315571
"Myotis grisescens",0,0.454779033915725,0.810035842293907,0.456043956043956,0.754512635379061,0.768817204301075,1,1,0.740986717267552,0.17775,0.0365273948390419,0.593254414531072,0.216814756794875,0.167778494554271,0.2,0.203415289746225,0.133158953919417,1,460.8125,0.74814692365016
"Lasiurus egregius",0,0.258992805755396,0.948028673835125,0.456043956043956,0.610108303249097,0.830645161290323,1,1,0.882352941176471,0.195333333333333,0.016857102859913,0.593254414531072,0.219389456473628,0.125584107667562,0.2,0.203415289746225,0.0867610017670783,1,478.5,0.748271480168796
"Chalinolobus morio",0,0.584275436793422,0.477598566308244,0.847985347985348,0.689530685920578,0.703405017921147,1,1,0.708728652751423,0.170666666666667,0.137310092078887,0.368754936747572,0.217615007596325,0.211531287768275,0.2,0.203415289746225,0.142775677900958,1,427.9375,0.75144046346002
"Eptesicus diminutus",0,0.307810894141829,0.932795698924731,0.456043956043956,0.844765342960289,0.859318996415771,1,1,0.648956356736243,0.1895,0.0197784712304153,0.593254414531072,0.215643440251684,0.107183858688215,0.2,0.203415289746225,0.160714305393578,1,463.6875,0.756211405652852
"Histiotus montanus",0,0.345323741007194,0.908602150537634,0.456043956043956,0.545126353790614,0.844086021505376,1,1,0.968690702087287,0.185416666666667,0.02194188760511,0.593254414531072,0.222466143920186,0.117129067083833,0.2,0.203415289746225,0.0531781106363266,1,494.5,0.758484115621508
"Myotis californicus",0,0.336587872559096,0.884408602150538,0.456043956043956,0.76173285198556,0.756272401433692,1,1,0.899430740037951,0.186583333333333,0.0247365954082292,0.593254414531072,0.21662930746901,0.1784477589084,0.2,0.203415289746225,0.0809632335595355,1,476.1875,0.761809553026349
"Pteropus admiralitatum",0,0.375128468653649,0.659498207885305,0.987179487179487,0.667870036101083,0.760752688172043,1,1,0.667931688804554,0.183166666666667,0.0682082689615605,0.184726768827405,0.217853451115838,0.177340482588952,0.2,0.203415289746225,0.154164592366,1,434.5,0.764795072099515
"Falsistrellus mackenziei",0,0.561151079136691,0.514336917562724,0.847985347985348,0.797833935018051,0.681899641577061,1,1,0.735294117647059,0.171916666666667,0.12043196014933,0.368754936747572,0.21614900230398,0.227107584620475,0.2,0.203415289746225,0.135289910239672,1,434.5,0.767312629865867
"Leptonycteris curasoae",0,0.761562178828366,0.761648745519713,0.456043956043956,0.584837545126354,0.613799283154122,1,1,0.967741935483871,0.139,0.0436350303028794,0.593254414531072,0.220237225772395,0.287208355173888,0.2,0.203415289746225,0.0536261981353195,1,493.75,0.768204205519548
"Dobsonia anderseni",0,0.439362795477903,0.633512544802867,0.987179487179487,0.866425992779783,0.634408602150538,1,1,0.591081593927894,0.178416666666667,0.0712121060251288,0.184726768827405,0.215401018498682,0.268732785917956,0.2,0.203415289746225,0.177000976133798,1,417.8125,0.768996377039809
"Diclidurus albus",0,0.912641315519013,0.631720430107527,0.456043956043956,0.855595667870036,0.445340501792115,1,1,0.869070208728653,0.121833333333333,0.0721701754294445,0.593254414531072,0.215490832578084,0.458833365284302,0.2,0.203415289746225,0.089651021692966,1,466.875,0.771301510007662
"Vespadelus regulus",0,0.627954779033916,0.482974910394265,0.847985347985348,0.851985559566787,0.622759856630824,1,1,0.752371916508539,0.16525,0.13601456782215,0.368754936747572,0.215545350709127,0.280351857875688,0.2,0.203415289746225,0.129824051261939,1,434.125,0.77325404626496
"Artibeus toltecus",0,0.76464542651593,0.479390681003584,0.752747252747253,0.942238267148014,0.477598566308244,1,1,0.773244781783681,0.13875,0.13691446088217,0.442299748138695,0.212256606747553,0.41332632987113,0.2,0.203415289746225,0.122681123360867,1,432.625,0.773733121938338
"Myotis levis",0,0.290853031860226,0.948924731182796,0.456043956043956,0.75812274368231,0.913082437275986,1,1,0.83111954459203,0.191083333333333,0.0167223365935694,0.593254414531072,0.216746591807952,0.0782314257081547,0.2,0.203415289746225,0.101232052846044,1,492.375,0.774768305579663
"Myotis leibii",0,0.565775950668037,0.82078853046595,0.456043956043956,0.693140794223827,0.81989247311828,1,1,0.85673624288425,0.171666666666667,0.0353441612971187,0.593254414531072,0.217600520445594,0.131257229896635,0.2,0.203415289746225,0.0929487822427089,1,496.0625,0.776547243425537
"Sturnira ludovici",0,0.804213771839671,0.476702508960573,0.93956043956044,0.981949458483754,0.339605734767025,NA,1,0.905123339658444,0.135,0.137397902978276,0.296713938454818,0.209052341548981,0.56973688180613,NA,0.203415289746225,0.0793082094547288,1,485.428571428571,0.778165036181415
"Myotis macropus",0,0.321685508735868,0.78405017921147,0.847985347985348,0.732851985559567,0.764336917562724,1,1,0.789373814041746,0.18775,0.0396002302193694,0.368754936747572,0.217261833643447,0.171473686184876,0.2,0.203415289746225,0.116916481546321,1,459.375,0.78003546913709
"Sturnira tildae",0,0.728160328879753,0.626344086021505,0.752747252747253,0.823104693140794,0.378136200716846,1,1,0.932637571157495,0.1415,0.0739872524095913,0.442299748138695,0.215732060100178,0.526292833545698,0.2,0.203415289746225,0.0682335414532144,1,451.6875,0.780141266582956
"Lasiurus seminolus",0,0.633093525179856,0.730286738351254,0.456043956043956,0.888086642599278,0.681003584229391,1,1,0.862428842504744,0.16475,0.0506292073650424,0.593254414531072,0.214824145663828,0.227260794702542,0.2,0.203415289746225,0.090806615710343,1,479.75,0.78136791111356
"Miniopterus australis",0,0.603802672147996,0.830645161290323,0.847985347985348,0.862815884476534,0.28673835125448,1,1,0.833965844402277,0.169,0.0327872842261118,0.368754936747572,0.215442707410247,0.657110452795685,0.2,0.203415289746225,0.100532829319586,1,443.9375,0.78324415769462
"Chrotopterus auritus",0,0.814491264131552,0.853046594982079,0.456043956043956,0.783393501805054,0.438172043010753,1,1,0.962049335863378,0.133916666666667,0.0284408724530968,0.593254414531072,0.216373224114311,0.46454666304194,0.2,0.203415289746225,0.0548206899845382,1,494.5625,0.788399586979596
"Leptonycteris nivalis",0,0.848920863309353,0.598566308243728,0.456043956043956,0.870036101083033,0.692652329749104,1,1,0.916508538899431,0.129416666666667,0.0812287269497744,0.593254414531072,0.215233433222669,0.217434641662277,0.2,0.203415289746225,0.0748755252478439,1,495.75,0.797841012166075
"Vampyrodes caraccioli",0,0.690133607399794,0.555555555555556,0.968864468864469,0.992779783393502,0.582437275985663,NA,1,0.79696394686907,0.145666666666667,0.0962097599371187,0.227812839370122,0.20709339923175,0.328672773778433,NA,0.203415289746225,0.114914380355463,1,506.142857142857,0.798104948295436
"Vespadelus baverstocki",0,0.517985611510791,0.580645161290323,0.847985347985348,0.913357400722022,0.803763440860215,1,1,0.740037950664137,0.174416666666667,0.0870439093768965,0.368754936747572,0.214148923042921,0.141857904723898,0.2,0.203415289746225,0.133474137093561,1,460.125,0.800471864129104
"Micronycteris megalotis",0,0.713257965056526,0.957885304659498,0.456043956043956,0.570397111913357,0.728494623655914,1,1,0.990512333965844,0.143166666666667,0.0153836709809037,0.593254414531072,0.220643763833007,0.195061651309088,0.2,0.203415289746225,0.0354622911692539,1,533.75,0.802073911911887
"Natalus stramineus",0,0.992805755395683,0.665770609318996,0.752747252747253,0.779783393501805,0.328853046594982,1,1,0.907969639468691,0.107,0.0670419993528619,0.442299748138695,0.21643326458661,0.589377549459936,0.2,0.203415289746225,0.0781855191689622,1,477.75,0.803491212128426
"Glossophaga longirostris",0,0.755909558067831,0.854838709677419,0.456043956043956,0.613718411552347,0.812724014336918,1,1,0.938330170777989,0.139416666666667,0.0284068839335971,0.593254414531072,0.219241323787228,0.135973425639153,0.2,0.203415289746225,0.0664428718291416,1,530.9375,0.803945602557057
"Lasiurus borealis",0,0.612024665981501,0.794802867383513,0.456043956043956,0.819494584837545,0.761648745519713,1,1,0.988614800759013,0.168333333333333,0.0379371893804695,0.593254414531072,0.215879024123971,0.174694874924053,0.2,0.203415289746225,0.0396363051497603,1,511.6875,0.804078702565655
"Myotis evotis",0,0.523638232271326,0.976702508960573,0.456043956043956,0.740072202166065,0.921146953405018,1,1,0.884250474383302,0.17425,0.0104262659726868,0.593254414531072,0.217197912301755,0.0735945011249198,0.2,0.203415289746225,0.0853915216247597,1,532.0625,0.81273179090378
"Myotis chiloensis",0,0.520041109969168,0.982078853046595,0.456043956043956,0.675090252707581,0.993727598566308,1,1,0.88045540796964,0.174333333333333,0.00915744811818103,0.593254414531072,0.217769982148639,0.0209796068433314,0.2,0.203415289746225,0.087113673098376,1,539.75,0.813429647287906
"Lonchorhina aurita",0,0.736382322713258,0.865591397849462,0.847985347985348,0.859205776173285,0.336917562724014,1,1,0.915559772296015,0.140666666666667,0.0268688203754913,0.368754936747572,0.215468359953295,0.578259503887045,0.2,0.203415289746225,0.0750232305944385,1,482.5625,0.820205272467673
"Pteropus capistratus",0,0.418807810894142,0.716845878136201,0.987179487179487,0.945848375451264,0.888888888888889,1,1,0.624288425047438,0.179416666666667,0.0530392707577026,0.184726768827405,0.212062604465401,0.0893401011797799,0.2,0.203415289746225,0.165790053132548,1,469.5625,0.822732358199678
"Eumops patagonicus",0,0.84737923946557,0.941756272401434,0.456043956043956,0.707581227436823,0.945340501792115,1,1,0.698292220113852,0.129583333333333,0.0181745025197774,0.593254414531072,0.217495232451525,0.0538174483348848,0.2,0.203415289746225,0.145185705307091,1,544.3125,0.824549177156719
"Lichonycteris obscura",0,0.798561151079137,0.600358422939068,0.847985347985348,0.631768953068592,0.775985663082437,1,1,0.998102466793169,0.13525,0.0810679767522628,0.368754936747572,0.218950862150167,0.164223285535044,0.2,0.203415289746225,0.0206450167933977,1,517.375,0.831595250618469
"Molossops neglectus",0,0.809352517985611,0.956989247311828,0.456043956043956,0.588447653429603,0.955197132616487,1,1,0.89753320683112,0.134583333333333,0.0156626974185757,0.593254414531072,0.220206716332741,0.0487543659355505,0.2,0.203415289746225,0.0818422242324906,1,565.3125,0.832945464277326
"Glossophaga morenoi",0,0.801130524152107,0.772401433691756,0.456043956043956,0.837545126353791,0.827956989247312,1,1,0.978178368121442,0.135166666666667,0.0417710393286272,0.593254414531072,0.215710494167648,0.129148360229586,0.2,0.203415289746225,0.0485063426822787,1,540.0625,0.834157049701295
"Vespadelus pumilus",0,0.561151079136691,0.811827956989247,0.752747252747253,0.935018050541516,0.793010752688172,1,1,0.866223908918406,0.171916666666667,0.0362776998396871,0.442299748138695,0.212705848158856,0.150223814017026,0.2,0.203415289746225,0.0903956472235233,1,510.25,0.839997375127661
"Macrotus californicus",0,0.923946557040082,0.900537634408602,0.456043956043956,0.768953068592058,0.818100358422939,1,1,0.889943074003795,0.12,0.0225844728049306,0.593254414531072,0.216592413494761,0.131729407049581,0.2,0.203415289746225,0.0844489918912886,1,557.5,0.844690581063929
"Lophostoma silvicolum",0,0.700411099691675,0.911290322580645,0.968864468864469,0.985559566787004,0.390681003584229,NA,1,0.960151802656547,0.144416666666667,0.02179102891781,0.227812839370122,0.208709882224334,0.51229520125884,NA,0.203415289746225,0.0556296505486243,1,558,0.84527975202351
"Mimon crenulatum",0,0.762589928057554,0.869175627240143,0.752747252747253,0.971119133574007,0.492831541218638,1,1,0.979127134724858,0.138833333333333,0.0265481561931964,0.442299748138695,0.210001363045401,0.39909022313128,0.2,0.203415289746225,0.0477048280340596,1,517,0.853448827195307
"Rhynchonycteris naso",0,0.899794450154162,0.74910394265233,0.93956043956044,0.978339350180505,0.610215053763441,NA,1,0.842504743833017,0.122916666666667,0.0459906975918994,0.296713938454818,0.209508934649421,0.294130505887048,NA,0.203415289746225,0.098271090799192,1,575.714285714286,0.859931140020556
"Carollia subrufa",0,0.835560123329907,0.622759856630824,0.93956043956044,0.967509025270758,0.791218637992832,NA,1,0.879506641366224,0.131083333333333,0.0747924825037118,0.296713938454818,0.21005026605955,0.151780795493402,NA,0.203415289746225,0.087117243101507,1,580.642857142857,0.862302103450141
"Glossophaga commissarisi",0,0.693730729701953,0.682795698924731,0.93956043956044,0.996389891696751,0.755376344086022,NA,1,0.970588235294118,0.144916666666667,0.062684152709691,0.296713938454818,0.206595396812451,0.178878729269395,NA,0.203415289746225,0.0526563562293457,1,579.642857142857,0.862634477037716
"Sturnira erythromos",0,0.7327852004111,0.639784946236559,0.847985347985348,0.949458483754513,0.799283154121864,1,1,0.958254269449715,0.140833333333333,0.0700986265036437,0.368754936747572,0.211694090022125,0.14411345223405,0.2,0.203415289746225,0.0561153590547579,1,523.875,0.865943925244887
"Anoura caudifer",0,0.722507708119219,0.796594982078853,0.847985347985348,0.848375451263538,0.766129032258065,1,1,0.971537001897533,0.142,0.0379054172122745,0.368754936747572,0.215581918587131,0.170024566420906,0.2,0.203415289746225,0.0526557470751627,1,538.125,0.869141190450319
"Mesophylla macconnelli",0,0.710174717368962,0.703405017921147,0.847985347985348,0.92057761732852,0.920250896057348,1,1,0.986717267552182,0.143416666666667,0.0564852885745177,0.368754936747572,0.213873716866667,0.0742691459707966,0.2,0.203415289746225,0.0428048426486617,1,549.625,0.886138858026688
"Lonchophylla robusta",0,0.760534429599178,0.896953405017921,0.968864468864469,1,0.817204301075269,NA,1,0.912713472485769,0.139083333333333,0.0230234676408484,0.227812839370122,0.206204716467541,0.13241094241139,NA,0.203415289746225,0.0767369544207618,1,625.5,0.908038582434658
"Mystacina tuberculata",0,0.982528263103803,0.887096774193548,0.847985347985348,0.924187725631769,0.865591397849462,1,1,0.867172675521822,0.108833333333333,0.024482678436867,0.368754936747572,0.213099732221303,0.104906057162862,0.2,0.203415289746225,0.0903309384985074,1,585.125,0.921820273035719
