"Sp","Betacov","R.Alb","R.Dal1","R.Far1","R.Po2","R.Po3","Rank","PropRank","InSample"
"Eidolon helvum",1,0.0255004766444233,0.0535211267605634,0.0295774647887324,0.00366300366300366,0.0223813786929275,35.9,0.02692869010993,1
"Rousettus aegyptiacus",1,0.0127502383222116,0.052112676056338,0.0225352112676056,0.0293040293040293,0.0223813786929275,25.4,0.0278167067286224,1
"Scotophilus kuhlii",1,0.00166825548141087,0.028169014084507,0.071830985915493,0.0293040293040293,0.0349149507609669,21.1,0.0331774471092814,1
"Cynopterus sphinx",1,0.00285986653956149,0.00985915492957747,0.0788732394366197,0.0293040293040293,0.0456580125335721,21.7,0.033310860548672,1
"Rousettus leschenaultii",1,0.00262154432793136,0.116901408450704,0.0211267605633803,0.0293040293040293,0.0223813786929275,25.9,0.0384670242677945,1
"Eonycteris spelaea",1,0.0112011439466158,0.0295774647887324,0.0802816901408451,0.0293040293040293,0.0456580125335721,31.7,0.0392044681427589,1
"Artibeus jamaicensis",1,0.155147759771211,0.0140845070422535,0.0549295774647887,0.0293040293040293,0.0286481647269472,144.8,0.0564228076618459,1
"Rhinolophus ferrumequinum",1,0.000238322211630124,0.0464788732394366,0.0690140845070423,0.115384615384615,0.0644583706356312,30.1,0.0591148531956711,1
"Artibeus lituratus",1,0.189585319351764,0.0267605633802817,0.0338028169014084,0.0293040293040293,0.0223813786929275,171.8,0.0603668215260821,1
"Pipistrellus pipistrellus",1,0.00238322211630124,0.00140845070422535,0.126760563380282,0.115384615384615,0.0644583706356312,33.7,0.062079044444211,1
"Carollia perspicillata",1,0.2017397521449,0.0112676056338028,0.047887323943662,0.0293040293040293,0.0286481647269472,182.5,0.0637693751506682,1
"Miniopterus schreibersii",1,0.0539799809342231,0.0309859154929577,0.0985915492957746,0.115384615384615,0.0456580125335721,75.1,0.0689200147282286,1
"Cynopterus brachyotis",1,0.00834127740705434,0.0549295774647887,0.12112676056338,0.115384615384615,0.0644583706356312,45.5,0.072848120291094,1
"Pteropus alecto",1,0.101763584366063,0.047887323943662,0.0816901408450704,0.115384615384615,0.0456580125335721,115.2,0.0784767354145966,1
"Myotis daubentonii",1,0.0117969494756911,0.0802816901408451,0.132394366197183,0.115384615384615,0.0644583706356312,53.6,0.0808631983667932,1
"Epomophorus gambianus",1,0.0375357483317445,0.0802816901408451,0.108450704225352,0.115384615384615,0.0644583706356312,71.8,0.0812222257436376,1
"Pteropus giganteus",1,0.0222831267874166,0.0802816901408451,0.138028169014085,0.115384615384615,0.0644583706356312,63.2,0.0840871943925185,1
"Hipposideros armiger",1,0.0127502383222116,0.1,0.142253521126761,0.115384615384615,0.0644583706356312,58.6,0.0869693490938438,1
"Desmodus rotundus",1,0.185533841754051,0.0169014084507042,0.0830985915492958,0.115384615384615,0.0349149507609669,180.1,0.0871666815799267,1
"Camelus dromedarius",1,NA,0.250704225352113,0.023943661971831,0.115384615384615,0.0170098478066249,59,0.101760587628796,1
"Equus caballus",1,NA,0.380281690140845,0.00563380281690141,0.0293040293040293,0.0053715308863026,71.25,0.10514776328702,1
"Canis lupus",1,0.220924690181125,0.263380281690141,0.00704225352112676,0.0293040293040293,0.00716204118173679,226.2,0.105562659175632,1
"Scotophilus heathii",1,0.00691134413727359,NA,NA,NA,0.210384959713518,73.25,0.108648151925396,1
"Micropteropus pusillus",1,0.0235938989513823,0.125352112676056,0.0563380281690141,0.313186813186813,0.0456580125335721,67.8,0.112825773103368,1
"Mus musculus",1,0.15467111534795,0.395774647887324,0.00845070422535211,0.0293040293040293,0.00895255147717099,189.8,0.119430609648365,1
"Pteronotus parnellii",1,0.249404194470925,0.0211267605633803,0.147887323943662,0.115384615384615,0.0644583706356312,246.8,0.119652252999643,1
"Nanonycteris veldkampii",1,0.0349142040038132,NA,NA,NA,0.210384959713518,132,0.122649581858666,1
"Molossus rufus",0,0.196615824594852,0.00845070422535211,0.0873239436619718,0.0293040293040293,0.323187108325873,216.3,0.128976322022416,1
"Myotis pequinius",1,0.0493326978074357,NA,NA,NA,0.210384959713518,162.25,0.129858828760477,1
"Eptesicus serotinus",1,0.00214489990467112,0.0492957746478873,0.205633802816901,0.313186813186813,0.0895255147717099,65.1,0.131957361065597,1
"Artibeus phaeotis",1,0.193755958055291,0.0253521126760563,0.0845070422535211,0.313186813186813,0.0456580125335721,200.4,0.132491987741051,1
"Myotis nigricans",0,0.0560057197330791,0.00492957746478873,0.11830985915493,0.115384615384615,0.383169203222919,113.6,0.135559794992066,1
"Hipposideros pomona",1,0.0195424213536702,0.246478873239437,0.236619718309859,0.115384615384615,0.0644583706356312,98.5,0.136496799784642,1
"Rhinolophus pusillus",1,0.00428979980934223,0.0746478873239437,0.209859154929577,0.313186813186813,0.0895255147717099,71.1,0.138301834004277,1
"Pipistrellus deserti",1,0.0674451858913251,NA,NA,NA,0.210384959713518,200.25,0.138915072802422,1
"Pipistrellus abramus",1,0.00762631077216397,0.0690140845070423,0.21830985915493,0.313186813186813,0.0895255147717099,74.3,0.139532516478532,1
"Eptesicus fuscus",0,0.0694709246901811,0.00492957746478873,0.125352112676056,0.115384615384615,0.383169203222919,125.9,0.139661286687712,1
"Sturnira lilium",0,0.160152526215443,0.0169014084507042,0.0901408450704225,0.115384615384615,0.323187108325873,192,0.141153300689412,1
"Megaerops kusnotoi",1,0.0773355576739752,NA,NA,NA,0.210384959713518,221,0.143860258693747,1
"Glossophaga soricina",0,0.180529075309819,0.0169014084507042,0.0859154929577465,0.115384615384615,0.323187108325873,208.5,0.144383540085752,1
"Phyllostomus hastatus",0,0.189585319351764,0.0323943661971831,0.0887323943661972,0.115384615384615,0.323187108325873,218.7,0.149856760725126,1
"Myotis lucifugus",0,0.122378455672069,0.00492957746478873,0.133802816901408,0.115384615384615,0.383169203222919,171.5,0.15193293372916,1
"Myotis septentrionalis",0,0.124165872259295,0.0232394366197183,0.119718309859155,0.115384615384615,0.383169203222919,173.6,0.15313548746914,1
"Plecotus auritus",1,0.0169208770257388,0.0373239436619718,0.31830985915493,0.313186813186813,0.0895255147717099,91.8,0.155053401560233,1
"Myodes glareolus",1,0.338298379408961,0.3,0.0267605633802817,0.115384615384615,0.0170098478066249,338.5,0.159490681196097,1
"Tadarida brasiliensis",0,0.170638703527169,0.00492957746478873,0.129577464788732,0.115384615384615,0.383169203222919,211.4,0.160739912877645,1
"Bos taurus",1,NA,0.529577464788732,0.00140845070422535,0.115384615384615,0.0017905102954342,102.375,0.162040260293252,1
"Nycteris macrotis",1,0.11487130600572,NA,NA,NA,0.210384959713518,299.75,0.162628132859619,1
"Murina leucogaster",0,0.0145376549094376,0.0126760563380282,0.204225352112676,0.115384615384615,0.46911369740376,101.7,0.163187475229703,1
"Sus scrofa",1,0.149070543374643,0.633802816901408,0.0028169014084507,0.0293040293040293,0.0035810205908684,217.5,0.16371506231588,1
"Nycteris gambiensis",0,0.176835081029552,0.0507042253521127,0.22112676056338,0.313186813186813,0.0644583706356312,211.3,0.165262250153498,1
"Ovis aries",0,NA,0.488732394366197,0.00422535211267606,0.115384615384615,0.053715308863026,102.875,0.165514417681629,1
"Rattus norvegicus",1,0.196258341277407,0.294366197183099,0.0169014084507042,0.313186813186813,0.0143240823634736,227.6,0.167007368492299,1
"Rhinolophus affinis",1,0.00119161105815062,0.319014084507042,0.122535211267606,0.313186813186813,0.0895255147717099,90.8,0.169090646958264,1
"Taphozous perforatus",1,0.131673021925643,0.104929577464789,0.216901408450704,0.313186813186813,0.0895255147717099,183.3,0.171243267159932,1
"Pteronotus davyi",1,0.187559580552908,0.0197183098591549,0.246478873239437,0.313186813186813,0.0895255147717099,222.3,0.171293818322004,1
"Vulpes vulpes",0,0.153360343183985,0.076056338028169,0.157746478873239,0.115384615384615,0.383169203222919,211,0.177143395738585,1
"Bubalus bubalis",1,NA,0.391549295774648,0.0126760563380282,0.313186813186813,0.0116383169203223,94.75,0.182262620554953,1
"Capra hircus",0,NA,0.383098591549296,0.00985915492957747,0.115384615384615,0.250671441360788,112.625,0.189753450806069,1
"Pteropus scapulatus",0,0.0719733079122974,0.0830985915492958,0.211267605633803,0.115384615384615,0.46911369740376,160.9,0.190167563576754,1
"Rhinolophus sinicus",1,0.00714966634890372,0.419718309859155,0.123943661971831,0.313186813186813,0.0895255147717099,110.3,0.190704793227683,1
"Apodemus agrarius",1,0.205552907530982,0.104929577464789,0.253521126760563,0.313186813186813,0.0895255147717099,250.5,0.193343187942971,1
"Procyon lotor",0,0.461987607244995,0.0985915492957746,0.0352112676056338,0.115384615384615,0.273052820053715,443.5,0.196845571916947,1
"Molossus molossus",0,0.179694947569113,0.0429577464788732,0.219718309859155,0.115384615384615,0.46911369740376,246.8,0.205373863339103,1
"Rattus rattus",0,0.101763584366063,0.322535211267606,0.0323943661971831,0.313186813186813,0.273052820053715,183.4,0.208586559014276,1
"Carollia sowelli",1,NA,NA,NA,NA,0.210384959713518,117.5,0.210384959713518,1
"Pteropus lylei",1,0.0450428979980934,0.312676056338028,0.308450704225352,0.313186813186813,0.0895255147717099,153.1,0.213776397303999,1
"Uroderma bilobatum",0,0.179694947569113,0.0732394366197183,0.128169014084507,0.313186813186813,0.383169203222919,239.3,0.215491882936614,1
"Equus asinus",0,NA,0.295774647887324,0.0183098591549296,0.313186813186813,0.256938227394808,113,0.221052386905969,1
"Rangifer tarandus",0,0.454480457578646,0.249295774647887,0.0366197183098592,0.115384615384615,0.273052820053715,458.8,0.225766677194945,1
"Chaerephon pumilus",0,0.0543374642516683,0.0711267605633803,0.222535211267606,0.313186813186813,0.46911369740376,156.8,0.226059989334645,1
"Crocuta crocuta",0,0.281935176358437,0.123943661971831,0.101408450704225,0.313186813186813,0.323187108325873,321.8,0.228732242109436,1
"Myotis ricketti",1,NA,0.319014084507042,0.225352112676056,0.313186813186813,0.0895255147717099,130.5,0.236769631285405,1
"Myotis keenii",0,0.122378455672069,0.0774647887323944,0.212676056338028,0.313186813186813,0.46911369740376,213.4,0.238963962266613,1
"Canis mesomelas",0,0.273236415633937,0.0915492957746479,0.135211267605634,0.313186813186813,0.383169203222919,321.4,0.23927059908479,1
"Didelphis marsupialis",0,NA,0.113380281690141,0.180281690140845,0.313186813186813,0.383169203222919,127,0.247504497060179,1
"Carollia brevicauda",0,0.171115347950429,0.0711267605633803,0.215492957746479,0.313186813186813,0.46911369740376,253.8,0.248007115370172,1
"Myotis mystacinus",0,0.0135843660629171,0.0373239436619718,0.3,0.313186813186813,0.609668755595345,144.5,0.254752775701409,1
"Myotis blythii",0,0.0107244995233556,0.0619718309859155,0.292957746478873,0.313186813186813,0.609668755595345,144.6,0.25770192915406,1
"Tatera indica",0,0.316253574833174,0.309859154929577,0.0619718309859155,0.313186813186813,0.29632945389436,368.4,0.259520165565968,1
"Myotis myotis",0,0.0131077216396568,0.0619718309859155,0.304225352112676,0.313186813186813,0.609668755595345,148.2,0.260432094704081,1
"Myotis nattereri",0,0.0142993326978074,0.0619718309859155,0.309859154929577,0.313186813186813,0.609668755595345,150,0.261797177479092,1
"Hipposideros larvatus",1,0.0189466158245949,0.52112676056338,0.374647887323944,0.313186813186813,0.0895255147717099,170.2,0.263486718334088,1
"Barbastella barbastellus",0,0.0219256434699714,0.0373239436619718,0.356338028169014,0.313186813186813,0.609668755595345,159.5,0.267688636816623,1
"Myotis riparius",0,0.0610104861773117,0.0619718309859155,0.294366197183099,0.313186813186813,0.609668755595345,187,0.268040816625697,1
"Microtus agrestis",0,0.29730695900858,0.412676056338028,0.0492957746478873,0.313186813186813,0.284691136974038,364,0.271431348031069,1
"Cavia porcellus",1,NA,0.712676056338028,0.0704225352112676,NA,0.0349149507609669,191.833333333333,0.272671180770088,1
"Felis catus",0,NA,0.515492957746479,0.0112676056338028,0.313186813186813,0.253357206803939,150.25,0.273326145842758,1
"Lama glama",1,NA,0.508450704225352,0.226760563380282,NA,0.0895255147717099,190.666666666667,0.274912260792448,1
"Pipistrellus subflavus",0,0.0891325071496663,0.0619718309859155,0.307042253521127,0.313186813186813,0.609668755595345,212.4,0.276200432087773,1
"Myotis volans",0,0.0949714013346044,0.0619718309859155,0.325352112676056,0.313186813186813,0.609668755595345,219.9,0.281030182755747,1
"Arvicanthis niloticus",0,0.267874165872259,0.290140845070423,0.156338028169014,0.313186813186813,0.383169203222919,348.1,0.282141811104286,1
"Hipposideros bicolor",0,0.0817445185891325,0.0936619718309859,0.312676056338028,0.313186813186813,0.609668755595345,211.5,0.282187623108061,1
"Myotis velifer",0,0.102716873212583,0.0619718309859155,0.329577464788732,0.313186813186813,0.609668755595345,227,0.283424347553878,1
"Canis latrans",0,0.488560533841754,0.101408450704225,0.130985915492958,0.313186813186813,0.383169203222919,502.9,0.283462183289734,1
"Taphozous melanopogon",0,0.0424213536701621,0.0373239436619718,0.419718309859155,0.313186813186813,0.609668755595345,185.7,0.284463835194689,1
"Macaca fascicularis",0,0.31780266920877,0.511267605633803,0.028169014084507,0.313186813186813,0.260519247985676,389.5,0.286189070019914,1
"Artibeus cinereus",0,0.157888465204957,0.0373239436619718,0.314084507042254,0.313186813186813,0.609668755595345,267.6,0.286430496938268,1
"Mephitis mephitis",0,0.550047664442326,0.0450704225352113,0.16056338028169,0.313186813186813,0.383169203222919,550.7,0.290407496733792,1
"Urocyon cinereoargenteus",0,0.382983794089609,0.247887323943662,0.143661971830986,0.313186813186813,0.383169203222919,436.9,0.294177821254798,1
"Syncerus caffer",0,0.285152526215443,0.598591549295775,0.0422535211267606,NA,0.273052820053715,451,0.299762604172923,1
"Mormoops megalophylla",0,0.164561487130601,0.0373239436619718,0.38169014084507,0.313186813186813,0.609668755595345,282.8,0.30128622808396,1
"Microtus arvalis",0,0.273236415633937,0.401408450704225,0.146478873239437,0.313186813186813,0.383169203222919,367,0.303495951197466,1
"Vulpes velox",0,0.542183031458532,0.315492957746479,0.0577464788732394,0.313186813186813,0.29632945389436,558.2,0.304987747031885,1
"Hipposideros caffer",1,0.0681601525262154,0.252112676056338,0.145070422535211,1,0.0644583706356312,175.4,0.305960324350679,1
"Rhinolophus mehelyi",1,0.0216873212583413,0.566197183098592,0.429577464788732,NA,0.210384959713518,228.875,0.306961732214796,1
"Rousettus amplexicaudatus",1,0.0059580552907531,0.261971830985915,0.184507042253521,1,0.0895255147717099,133,0.30839248866038,1
"Cynomops planirostris",0,0.197569113441373,0.0619718309859155,0.364788732394366,0.313186813186813,0.609668755595345,311.6,0.309437049120762,1
"Cervus elaphus",0,0.257030505243089,0.661971830985915,0.0464788732394366,NA,0.273052820053715,433.5,0.309633507380539,1
"Pipistrellus nathusii",1,0.0182316491897045,0.0873239436619718,0.315492957746479,1,0.137869292748433,142.5,0.311783568669318,1
"Cynomops abrasus",0,0.182316491897045,0.0619718309859155,0.401408450704225,0.313186813186813,0.609668755595345,304,0.313710468473869,1
"Sciurus carolinensis",0,0.88465204957102,0.291549295774648,0.0253521126760563,0.115384615384615,0.260519247985676,822.8,0.315491464278403,1
"Nyctalus noctula",1,0.0302669208770257,0.0873239436619718,0.326760563380282,1,0.137869292748433,154.2,0.316444144133542,1
"Capreolus capreolus",0,0.252979027645377,0.650704225352113,0.0661971830985915,NA,0.29632945389436,434,0.31655247249761,1
"Sciurus niger",0,0.878693994280267,0.0232394366197183,0.187323943661972,0.115384615384615,0.383169203222919,816.4,0.317562238633898,1
"Pteropus hypomelanus",0,0.0593422306959009,0.312676056338028,0.301408450704225,0.313186813186813,0.609668755595345,222.2,0.319256461304062,1
"Myotis dasycneme",1,0.0388465204957102,0.0873239436619718,0.335211267605634,1,0.137869292748433,162.6,0.31985020490235,1
"Rhinolophus thomasi",1,0.00643469971401335,0.566197183098592,0.498591549295775,NA,0.210384959713518,225.125,0.320402097955474,1
"Pteropus poliocephalus",0,0.118684461391802,0.494366197183099,0.208450704225352,0.313186813186813,0.46911369740376,268.9,0.320760374678165,1
"Rhinolophus hipposideros",1,0.0138226882745472,0.566197183098592,0.492957746478873,NA,0.210384959713518,231.875,0.320840644391383,1
"Vespertilio sinensis",1,0.0474261201143947,0.122535211267606,0.302816901408451,1,0.137869292748433,170.2,0.322129505107777,1
"Sigmodon hispidus",0,0.629408960915157,0.245070422535211,0.1,0.313186813186813,0.323187108325873,630.4,0.322170660992611,1
"Mus cervicolor",1,0.264656816015253,0.711267605633803,0.228169014084507,NA,0.0895255147717099,456.875,0.323404737626318,1
"Pteropus conspicillatus",0,0.0872259294566254,0.312676056338028,0.298591549295775,0.313186813186813,0.609668755595345,245.2,0.324269820774517,1
"Pipistrellus kuhlii",1,0.0154909437559581,0.323943661971831,0.202816901408451,1,0.0895255147717099,152.4,0.32635540438159,1
"Suncus murinus",0,0.224737845567207,0.0936619718309859,0.408450704225352,0.313186813186813,0.609668755595345,345.1,0.329941218081141,1
"Pteropus vampyrus",0,0.0148951382268827,0.409859154929577,0.305633802816901,0.313186813186813,0.609668755595345,199.3,0.330648732951104,1
"Rhinolophus creaghi",1,0.0626787416587226,0.566197183098592,0.494366197183099,NA,0.210384959713518,283.375,0.333406770413483,1
"Myodes rutilus",0,0.346639656816015,0.297887323943662,0.240845070422535,0.313186813186813,0.46911369740376,436.9,0.333534512354557,1
"Rhinolophus clivosus",1,0.0271687321258341,0.273943661971831,0.229577464788732,1,0.137869292748433,164.3,0.333711830326966,1
"Cynopterus horsfieldii",1,0.0200190657769304,0.566197183098592,0.542253521126761,NA,0.210384959713518,247.125,0.33471368242895,1
"Microtus oeconomus",0,0.322807435653003,0.297887323943662,0.271830985915493,0.313186813186813,0.46911369740376,421.3,0.334965251220546,1
"Pipistrellus hesperidus",1,0.0352716873212583,0.566197183098592,0.528169014084507,NA,0.210384959713518,260.625,0.335005711054469,1
"Pipistrellus pygmaeus",1,0.0367016205910391,0.566197183098592,0.526760563380282,NA,0.210384959713518,261.875,0.335011081695858,1
"Dyacopterus spadiceus",1,0.0426596758817922,0.566197183098592,0.525352112676056,NA,0.210384959713518,267.875,0.33614848284249,1
"Tamias striatus",0,0.824714013346044,0.0429577464788732,0.230985915492958,0.115384615384615,0.46911369740376,789.7,0.33663119762125,1
"Erinaceus europaeus",1,0.292897998093422,0.543661971830986,0.376056338028169,NA,0.137869292748433,489.75,0.337621400175253,1
"Dama dama",0,0.264656816015253,0.715492957746479,0.0746478873239437,NA,0.29632945389436,459.25,0.337781778745009,1
"Rhinolophus macrotis",1,0.00142993326978074,0.659154929577465,0.487323943661972,NA,0.210384959713518,234.375,0.339573441555684,1
"Lophuromys sikapusi",0,0.271091515729266,0.11830985915493,0.385915492957746,0.313186813186813,0.609668755595345,384.3,0.33963448732482,1
"Didelphis virginiana",0,NA,0.304225352112676,0.273239436619718,0.313186813186813,0.46911369740376,189.375,0.339941324830742,1
"Rhinolophus pearsonii",1,0.00309818875119161,0.659154929577465,0.501408450704225,NA,0.210384959713518,238.625,0.3435116321866,1
"Rhinolophus rex",1,0.0641086749285033,0.273943661971831,0.243661971830986,1,0.137869292748433,197.3,0.343916720295951,1
"Panthera leo",0,0.301477597712107,0.714084507042254,0.0647887323943662,NA,0.29632945389436,495.875,0.344170072760772,1
"Rhinolophus blasii",1,0.0133460438512869,0.659154929577465,0.5,NA,0.210384959713518,249.125,0.345721483285568,1
"Tylonycteris pachypus",1,0.00571973307912297,0.566197183098592,0.602816901408451,NA,0.210384959713518,242.875,0.346279694324921,1
"Giraffa camelopardalis",0,0.300405147759771,0.652112676056338,0.111267605633803,NA,0.323187108325873,495.75,0.346743134443946,1
"Natalus tumidirostris",0,0.217588179218303,0.257746478873239,0.33943661971831,0.313186813186813,0.609668755595345,352.6,0.347525369318402,1
"Ia io",1,0.0103670162059104,0.566197183098592,0.605633802816901,NA,0.210384959713518,248.25,0.34814574045873,1
"Megaerops niphanae",1,0.0117969494756911,0.566197183098592,0.607042253521127,NA,0.210384959713518,250,0.348855336452232,1
"Eptesicus nilssonii",1,0.0393231649189704,0.566197183098592,0.58169014084507,NA,0.210384959713518,274.375,0.349398862144038,1
"Ptenochirus jagori",1,0.0700667302192564,0.566197183098592,0.552112676056338,NA,0.210384959713518,301.375,0.349690387271926,1
"Rhinolophus euryale",1,0.0197807435653003,0.392957746478873,0.2,1,0.137869292748433,170.8,0.350121556558521,1
"Megaloglossus woermanni",1,0.0443279313632031,0.273943661971831,0.295774647887324,1,0.137869292748433,188.1,0.350383106794158,1
"Myotis emarginatus",1,0.0203765490943756,0.273943661971831,0.322535211267606,1,0.137869292748433,171.8,0.350944943016449,1
"Epomops franqueti",1,0.0411105815061964,0.592957746478873,0.0774647887323944,1,0.0456580125335721,189.4,0.351438225850207,1
"Hypsugo savii",1,0.0264537654909438,0.273943661971831,0.323943661971831,1,0.137869292748433,177.1,0.352442076436608,1
"Sylvilagus audubonii",0,0.802430886558627,0.113380281690141,0.152112676056338,0.313186813186813,0.383169203222919,771,0.352855972142968,1
"Proechimys semispinosus",0,0.776334604385129,0.113380281690141,0.18169014084507,0.313186813186813,0.383169203222919,753.3,0.353552208666014,1
"Marmota monax",0,0.92278360343184,0.102816901408451,0.109859154929577,0.313186813186813,0.323187108325873,857.8,0.354366716256511,1
"Neoromicia capensis",1,0.0355100095328885,0.273943661971831,0.333802816901408,1,0.137869292748433,186.1,0.356225156230912,1
"Anoura geoffroyi",0,0.176120114394662,0.257746478873239,0.425352112676056,0.313186813186813,0.609668755595345,330,0.356414854945223,1
"Nyctereutes procyonoides",1,0.162535748331745,0.288732394366197,0.249295774647887,1,0.0895255147717099,277.4,0.358017886423508,1
"Paguma larvata",1,0.176358436606292,0.719718309859155,0.4,NA,0.137869292748433,403,0.35848650980347,1
"Scotophilus leucogaster",1,0.0437321258341277,0.273943661971831,0.338028169014085,1,0.137869292748433,193.6,0.358714649913695,1
"Redunca arundinum",0,0.305648236415634,0.692957746478873,0.116901408450704,NA,0.323187108325873,509.5,0.359673624917771,1
"Lepus californicus",0,0.852359389895138,0.113380281690141,0.136619718309859,0.313186813186813,0.383169203222919,810.7,0.359743081260974,1
"Eumops glaucinus",1,0.200667302192564,0.0873239436619718,0.384507042253521,1,0.137869292748433,305.4,0.362073516171298,1
"Scotophilus dinganii",1,0.0238322211630124,0.273943661971831,0.377464788732394,1,0.137869292748433,182.5,0.362621992923134,1
"Mops condylurus",1,0.0874642516682555,0.273943661971831,0.330985915492958,1,0.137869292748433,229.3,0.366052624376295,1
"Proechimys guyannensis",0,0.812559580552908,0.284507042253521,0.102816901408451,0.313186813186813,0.323187108325873,790.1,0.367251489145513,1
"Hipposideros ruber",1,0.100810295519542,0.273943661971831,0.328169014084507,1,0.137869292748433,240.1,0.368158452864863,1
"Nyctinomops laticaudatus",1,0.204480457578646,0.0873239436619718,0.411267605633803,1,0.137869292748433,312.4,0.368188259924571,1
"Rhinopoma hardwickii",1,0.0795996186844614,0.273943661971831,0.357746478873239,1,0.137869292748433,226.5,0.369831810455593,1
"Rattus tanezumi",1,0.187559580552908,0.566197183098592,0.519718309859155,NA,0.210384959713518,418.875,0.370965008306043,1
"Epomophorus labiatus",1,0.0300285986653956,0.397887323943662,0.291549295774648,1,0.137869292748433,193.1,0.371466902226428,1
"Microtus gregalis",0,0.32650142993327,0.257746478873239,0.350704225352113,0.313186813186813,0.609668755595345,445.6,0.371561540588156,1
"Triaenops persicus",1,0.103789323164919,0.273943661971831,0.353521126760563,1,0.137869292748433,246.2,0.373824680929149,1
"Hipposideros pratti",1,0.0375357483317445,0.273943661971831,0.422535211267606,1,0.137869292748433,200.4,0.374376782863923,1
"Odocoileus hemionus",0,0.573403241182078,0.587323943661972,0.052112676056338,NA,0.284691136974038,754.75,0.374382749468606,1
"Lemniscomys striatus",0,0.265848427073403,0.257746478873239,0.430985915492958,0.313186813186813,0.609668755595345,406.1,0.375487278044352,1
"Hippotragus niger",0,0.318517635843661,0.654929577464789,0.164788732394366,NA,0.383169203222919,533.125,0.380351287231434,1
"Peromyscus gossypinus",0,0.790514775977121,0.108450704225352,0.247887323943662,0.313186813186813,0.46911369740376,783.5,0.385830662947342,1
"Chaerephon plicatus",1,0.055767397521449,0.397887323943662,0.363380281690141,1,0.137869292748433,224.9,0.390980859180737,1
"Cephalophus dorsalis",0,0.32650142993327,0.503521126760563,0.264788732394366,NA,0.46911369740376,544.375,0.39098124662299,1
"Rattus losea",1,0.22998093422307,0.566197183098592,0.570422535211268,NA,0.210384959713518,472.375,0.394246403061612,1
"Lepus americanus",0,0.849022878932317,0.108450704225352,0.232394366197183,0.313186813186813,0.46911369740376,830.4,0.394433691989085,1
"Rattus argentiventer",1,0.239513822688275,0.566197183098592,0.567605633802817,NA,0.210384959713518,481.875,0.3959253998258,1
"Tadarida teniotis",1,0.0458770257387989,0.176760563380282,0.629577464788732,1,0.137869292748433,223,0.398016869331249,1
"Papio ursinus",0,0.526334604385129,0.752112676056338,0.0436619718309859,NA,0.273052820053715,731.5,0.398790518081542,1
"Bradypus tridactylus",0,0.83567683508103,0.108450704225352,0.277464788732394,0.313186813186813,0.46911369740376,825.6,0.40077856772587,1
"Chlorocebus aethiops",1,0.536820781696854,0.394366197183099,0.0535211267605634,1,0.0286481647269472,571.9,0.402671254073493,1
"Atelerix albiventris",0,0.286939942802669,0.635211267605634,0.223943661971831,NA,0.46911369740376,519,0.403802142445974,1
"Cephalophus leucogaster",0,0.372020972354623,0.503521126760563,0.27887323943662,NA,0.46911369740376,594.625,0.405882258988892,1
"Rhinolophus eloquens",0,0.026930409914204,0.795774647887324,0.207042253521127,NA,0.609668755595345,291.375,0.4098540167295,1
"Tragelaphus strepsiceros",0,0.328408007626311,0.390140845070423,0.0605633802816901,1,0.29632945389436,427.3,0.415088337374557,1
"Melogale moschata",1,0.224022878932316,0.273943661971831,0.452112676056338,1,0.137869292748433,361.1,0.417589701941784,1
"Rhinolophus stheno",0,0.00667302192564347,0.452112676056338,0.491549295774648,1,0.137869292748433,209.6,0.417640857301013,1
"Lasiurus cinereus",0,0.0731649189704481,0.0964788732394366,0.32112676056338,1,0.609668755595345,243.4,0.420087861673722,1
"Rhinolophus shameli",0,0.0247855100095329,0.452112676056338,0.490140845070423,1,0.137869292748433,224.6,0.420981664776945,1
"Saimiri sciureus",0,0.686725452812202,0.646478873239437,0.076056338028169,NA,0.29632945389436,890,0.426397529493542,1
"Macropus giganteus",0,NA,0.285915492957746,0.0971830985915493,1,0.323187108325873,181.375,0.426571424968792,1
"Mastomys natalensis",0,0.265490943755958,0.292957746478873,0.197183098591549,1,0.383169203222919,389.8,0.42776019840986,1
"Aselliscus stoliczkanus",1,0.038489037178265,0.566197183098592,0.901408450704225,NA,0.210384959713518,330.25,0.42911990767365,1
"Puma concolor",0,0.460319351763584,0.819718309859155,0.115492957746479,NA,0.323187108325873,694,0.429679431923773,1
"Philantomba monticola",0,0.285152526215443,0.492253521126761,0.332394366197183,NA,0.609668755595345,530.625,0.429867292283683,1
"Myotis horsfieldii",1,0.00524308865586273,0.452112676056338,0.557746478873239,1,0.137869292748433,217.8,0.430594307266775,1
"Eidolon dupreanum",1,0.0691134413727359,0.630985915492958,0.316901408450704,1,0.137869292748433,262.6,0.430974011612966,1
"Ceratotherium simum",0,0.302430886558627,0.697183098591549,0.257746478873239,NA,0.46911369740376,552.25,0.431618540356794,1
"Hipposideros commersoni",1,0.232006673021926,0.566197183098592,0.719718309859155,NA,0.210384959713518,501,0.432076781423298,1
"Myotis punicus",0,0.0550524308865586,0.452112676056338,0.516901408450704,1,0.137869292748433,253.8,0.432387161628407,1
"Odocoileus virginianus",0,0.369041944709247,0.5,0.0309859154929577,1,0.263205013428827,469.1,0.432646574726206,1
"Oryx gazella",0,0.501429933269781,0.656338028169014,0.195774647887324,NA,0.383169203222919,730.75,0.434177953137259,1
"Papio cynocephalus",0,0.54706863679695,0.859154929577465,0.0507042253521127,NA,0.284691136974038,775.125,0.435404732175141,1
"Pan troglodytes",1,0.50917540514776,0.642253521126761,0.0140845070422535,1,0.0116383169203223,576.4,0.435430350047419,1
"Hipposideros galeritus",1,0.0550524308865586,0.566197183098592,0.911267605633803,NA,0.210384959713518,349.375,0.435725544833118,1
"Apodemus sylvaticus",0,0.243326978074357,0.663380281690141,0.0197183098591549,1,0.256938227394808,384.5,0.436672759403692,1
"Macroglossus minimus",1,0.0109628217349857,0.35,0.692957746478873,1,0.137869292748433,227.3,0.438357972192458,1
"Aepyceros melampus",0,0.338298379408961,0.541549295774648,0.0394366197183099,1,0.273052820053715,451.5,0.438467422991127,1
"Bos grunniens",0,NA,0.787323943661972,0.149295774647887,NA,0.383169203222919,293,0.439929640510926,1
"Artibeus obscurus",1,0.19327931363203,0.566197183098592,0.790140845070422,NA,0.210384959713518,472.875,0.440000575378641,1
"Pipistrellus coromandra",1,0.00452812202097235,0.452112676056338,0.611267605633803,1,0.137869292748433,224.8,0.441155539291909,1
"Papio hamadryas",0,0.504051477597712,0.704225352112676,0.173239436619718,NA,0.383169203222919,738,0.441171367388256,1
"Lycaon pictus",0,0.275619637750238,0.253521126760563,0.214084507042254,1,0.46911369740376,404.7,0.442467793791363,1
"Sylvicapra grimmia",0,0.295757864632984,0.71830985915493,0.288732394366197,NA,0.46911369740376,554.5,0.442978453889468,1
"Oryx leucoryx",0,0.689704480457579,0.653521126760563,0.105633802816901,NA,0.323187108325873,903.375,0.443011629590229,1
"Kobus ellipsiprymnus",0,0.273713060057197,0.63943661971831,0.0380281690140845,1,0.273052820053715,411,0.444846133768661,1
"Connochaetes taurinus",0,0.367731172545281,0.541549295774648,0.0450704225352113,1,0.273052820053715,477,0.445480742181771,1
"Oryctolagus cuniculus",1,0.502502383222116,0.590140845070423,0.0929577464788732,1,0.0456580125335721,578.4,0.446251797460997,1
"Dobsonia moluccensis",1,0.130958055290753,0.630985915492958,0.342253521126761,1,0.137869292748433,318.1,0.448413356931781,1
"Hippotragus equinus",0,0.281935176358437,0.784507042253521,0.259154929577465,NA,0.46911369740376,546.5,0.448677711398296,1
"Gorilla gorilla",0,0.571377502383222,0.86056338028169,0.0676056338028169,NA,0.29632945389436,805.5,0.448968992590522,1
"Antidorcas marsupialis",0,0.459366062917064,0.790140845070422,0.163380281690141,NA,0.383169203222919,704.625,0.449014098225136,1
"Pteropus rufus",1,0.141920877025739,0.630985915492958,0.336619718309859,1,0.137869292748433,326.5,0.449479160715398,1
"Acinonyx jubatus",0,0.280505243088656,0.411267605633803,0.174647887323944,1,0.383169203222919,416,0.449917987853864,1
"Alces alces",0,0.293732125834128,0.538028169014084,0.0957746478873239,1,0.323187108325873,427.2,0.450144410212282,1
"Apodemus flavicollis",0,0.24034795042898,0.595774647887324,0.0943661971830986,1,0.323187108325873,390.4,0.450735180765055,1
"Sciurus vulgaris",0,0.362368922783603,0.869014084507042,0.192957746478873,NA,0.383169203222919,622.125,0.451877489248109,1
"Felis silvestris",0,0.187559580552908,0.509859154929577,0.183098591549296,1,0.383169203222919,353.2,0.45273730605094,1
"Alcelaphus buselaphus",0,0.30862726406101,0.535211267605634,0.104225352112676,1,0.323187108325873,440.5,0.454250198421039,1
"Vicugna vicugna",1,0.674928503336511,0.507042253521127,0.0591549295774648,1,0.0349149507609669,705.3,0.455208127439214,1
"Macropus agilis",0,NA,0.119718309859155,0.233802816901408,1,0.46911369740376,196.5,0.455658706041081,1
"Macaca mulatta",0,0.2697807435653,0.749295774647887,0.0154929577464789,1,0.253357206803939,417.9,0.457585336552721,1
"Ovis canadensis",0,0.618446139180172,0.645070422535211,0.185915492957746,NA,0.383169203222919,849.75,0.458150314474012,1
"Manis javanica",1,0.253932316491897,0.566197183098592,0.82112676056338,NA,0.210384959713518,542,0.462910304966847,1
"Microtus pennsylvanicus",0,0.55838894184938,0.72112676056338,0.190140845070423,NA,0.383169203222919,801,0.463206437676525,1
"Mus bufo",1,0.367731172545281,0.566197183098592,0.712676056338028,NA,0.210384959713518,642.125,0.464247342923855,1
"Erythrocebus patas",0,0.419804575786463,0.37887323943662,0.13943661971831,1,0.383169203222919,523.3,0.464256727632862,1
"Erinaceus amurensis",1,0.279313632030505,0.566197183098592,0.802816901408451,NA,0.210384959713518,565.375,0.464678169062766,1
"Hipposideros gigas",1,0.135009532888465,0.452112676056338,0.609859154929577,1,0.137869292748433,334.1,0.466970131324563,1
"Platyrrhinus helleri",0,0.157292659675882,0.233098591549296,0.349295774647887,1,0.609668755595345,337.4,0.469871156293682,1
"Rhinolophus monoceros",1,NA,0.566197183098592,0.638028169014085,NA,0.210384959713518,324.166666666667,0.471536770608732,1
"Macaca sinica",0,0.718064823641563,0.257746478873239,0.477464788732394,0.313186813186813,0.609668755595345,792.2,0.475226332005871,1
"Phyllostomus discolor",0,0.195185891325071,0.233098591549296,0.340845070422535,1,0.609668755595345,368,0.475759661778449,1
"Cricetomys gambianus",0,0.346639656816015,0.487323943661972,0.161971830985915,1,0.383169203222919,480.5,0.475820926937364,1
"Rhinolophus cornutus",1,NA,0.566197183098592,0.653521126760563,NA,0.210384959713518,327.833333333333,0.476701089857558,1
"Taurotragus oryx",0,NA,0.53943661971831,0.0732394366197183,1,0.29632945389436,218.375,0.477251377558097,1
"Rhinonicteris aurantia",1,0.238798856053384,0.566197183098592,0.895774647887324,NA,0.210384959713518,539.375,0.477788911688205,1
"Elephas maximus",0,0.524189704480458,0.308450704225352,0.177464788732394,1,0.383169203222919,606.3,0.478654880132225,1
"Cercopithecus ascanius",0,0.468779790276454,0.388732394366197,0.153521126760563,1,0.383169203222919,567.8,0.478840502925227,1
"Antilocapra americana",0,0.583412774070543,0.385915492957746,0.114084507042254,1,0.323187108325873,651.3,0.481319976479283,1
"Eudorcas thomsonii",0,0.473307912297426,0.505633802816901,0.107042253521127,1,0.323187108325873,574.9,0.481834215392265,1
"Potos flavus",0,0.461034318398475,0.513380281690141,0.345070422535211,NA,0.609668755595345,721.125,0.482288444554793,1
"Pongo pygmaeus",0,0.506196377502383,0.591549295774648,0.0408450704225352,1,0.273052820053715,599.7,0.482328712750656,1
"Damaliscus lunatus",0,0.312082936129647,0.528169014084507,0.194366197183099,1,0.383169203222919,461.9,0.483557470124034,1
"Canis adustus",0,0.257030505243089,0.243661971830986,0.311267605633803,1,0.609668755595345,417.2,0.484325767660644,1
"Bos frontalis",0,NA,0.743661971830986,0.252112676056338,NA,0.46911369740376,323,0.488296115097028,1
"Bison bison",0,0.626787416587226,0.4,0.0915492957746479,1,0.323187108325873,686.5,0.488304764137549,1
"Panthera pardus",0,0.0762631077216397,0.376760563380282,0.387323943661972,1,0.609668755595345,295.2,0.490003274071848,1
"Hipposideros lekaguli",1,0.128455672068637,0.452112676056338,0.732394366197183,1,0.137869292748433,346,0.490166401414118,1
"Niviventer confucianus",1,0.245471877979028,0.566197183098592,0.945070422535211,NA,0.210384959713518,555.125,0.491781110831587,1
"Hydromys chrysogaster",0,0.334008579599619,0.640845070422535,0.394366197183099,NA,0.609668755595345,619.25,0.494722150700149,1
"Cercopithecus mona",0,0.521091515729266,0.516901408450704,0.112676056338028,1,0.323187108325873,617.4,0.494771217768774,1
"Loxodonta africana",0,0.603551000953289,0.666197183098592,0.254929577464789,NA,0.46911369740376,862.125,0.498447864730107,1
"Peromyscus maniculatus",0,0.677669208770257,0.287323943661972,0.154929577464789,1,0.383169203222919,728.9,0.500618386623987,1
"Ursus americanus",0,0.550047664442326,0.709859154929578,0.283098591549296,NA,0.46911369740376,818.75,0.50302977708124,1
"Macropus robustus",0,NA,0.492253521126761,0.409859154929577,NA,0.609668755595345,327,0.503927143883894,1
"Mandrillus sphinx",0,0.573403241182078,0.695774647887324,0.28169014084507,NA,0.46911369740376,840.5,0.504995431829558,1
"Lontra canadensis",0,0.570305052430887,0.402816901408451,0.169014084507042,1,0.383169203222919,657.2,0.50506104831386,1
"Hydropotes inermis",1,0.335200190657769,0.566197183098592,0.92112676056338,NA,0.210384959713518,645,0.508227273508315,1
"Gazella gazella",0,0.562202097235462,0.723943661971831,0.287323943661972,NA,0.46911369740376,834.75,0.510645850068256,1
"Hypsignathus monstrosus",0,0.0177550047664442,0.885915492957747,0.191549295774648,1,0.46911369740376,274.9,0.51286669818052,1
"Peromyscus leucopus",0,0.605576739752145,0.240845070422535,0.250704225352113,1,0.46911369740376,685,0.513247946586111,1
"Rattus exulans",0,0.218064823641563,0.905633802816901,0.319718309859155,NA,0.609668755595345,531.375,0.513271422978241,1
"Axis axis",0,0.312678741658723,0.66830985915493,0.464788732394366,NA,0.609668755595345,614.25,0.513861522200841,1
"Papio anubis",0,0.426239275500477,0.594366197183099,0.166197183098592,1,0.383169203222919,563.1,0.513994371801017,1
"Aotus trivirgatus",0,0.680529075309819,0.530985915492958,0.0633802816901408,1,0.29632945389436,743.2,0.514244945277455,1
"Ichneumia albicauda",0,0.261439466158246,0.316901408450704,0.388732394366197,1,0.609668755595345,442.3,0.515348404914098,1
"Cephalophus weynsi",0,0.299571020019066,0.7,0.456338028169014,NA,0.609668755595345,604.625,0.516394450945856,1
"Mus booduga",0,0.25893708293613,0.416197183098592,0.297183098591549,1,0.609668755595345,441.3,0.516397224044323,1
"Diceros bicornis",0,0.313512869399428,0.707042253521127,0.438028169014085,NA,0.609668755595345,617.25,0.517063011882496,1
"Canis simensis",0,0.536105815061964,0.384507042253521,0.201408450704225,1,0.46911369740376,640.1,0.518227001084694,1
"Nycticebus pygmaeus",1,0.484628217349857,0.566197183098592,0.816901408450704,NA,0.210384959713518,783.25,0.519527942153168,1
"Gorilla beringei",0,0.669566253574833,0.867605633802817,0.167605633802817,NA,0.383169203222919,939.625,0.521986681100846,1
"Oryx beisa",0,0.33615347950429,0.716901408450704,0.428169014084507,NA,0.609668755595345,641,0.522723164408711,1
"Chlorocebus sabaeus",0,0.539680648236416,0.815492957746479,0.267605633802817,NA,0.46911369740376,823.875,0.522973234297368,1
"Cephalophus nigrifrons",0,0.379051477597712,0.7,0.404225352112676,NA,0.609668755595345,678.75,0.523236396326433,1
"Cervus nippon",0,0.372020972354623,0.707042253521127,0.405633802816901,NA,0.609668755595345,672.875,0.523591446071999,1
"Ursus maritimus",0,0.562202097235462,0.77887323943662,0.285915492957746,NA,0.46911369740376,844.25,0.524026131758397,1
"Gerbilliscus kempi",0,0.390610104861773,0.490140845070423,0.274647887323944,1,0.46911369740376,543.4,0.52490250693198,1
"Choloepus hoffmanni",0,0.949833174451859,0.12112676056338,0.170422535211268,1,0.383169203222919,935.9,0.524910334689885,1
"Nanger granti",0,0.375119161105815,0.522535211267606,0.263380281690141,1,0.46911369740376,533.4,0.526029670293464,1
"Caracal caracal",0,0.249404194470925,0.866197183098592,0.392957746478873,NA,0.609668755595345,570.25,0.529556969910933,1
"Rattus tiomanicus",0,0.249880838894185,0.914788732394366,0.346478873239437,NA,0.609668755595345,571.125,0.530204300030833,1
"Hipposideros abae",0,0.149070543374643,0.524647887323944,0.369014084507042,1,0.609668755595345,374.7,0.530480254160195,1
"Antilope cervicapra",0,0.380719733079123,0.66830985915493,0.474647887323944,NA,0.609668755595345,687.375,0.533336558788335,1
"Tragelaphus imberbis",0,0.329122974261201,0.747887323943662,0.447887323943662,NA,0.609668755595345,642.625,0.533641594435967,1
"Philander opossum",0,NA,0.387323943661972,0.280281690140845,1,0.46911369740376,252.25,0.534179832801644,1
"Macaca radiata",0,0.594018112488084,0.51830985915493,0.17887323943662,1,0.383169203222919,694.9,0.53487408286051,1
"Mastomys erythroleucus",0,0.271091515729266,0.414084507042254,0.395774647887324,1,0.609668755595345,465.2,0.538123885250838,1
"Epomophorus wahlbergi",0,0.021210676835081,0.176760563380282,0.502816901408451,1,1,280.6,0.540157628324763,1
"Martes pennanti",0,0.544447092469018,0.41830985915493,0.276056338028169,1,0.46911369740376,662.5,0.541585397411175,1
"Bradypus variegatus",0,0.830433746425167,0.305633802816901,0.188732394366197,1,0.383169203222919,864.5,0.541593829366237,1
"Bandicota indica",0,0.219137273593899,0.914788732394366,0.426760563380282,NA,0.609668755595345,553.125,0.542588831240973,1
"Epomops dobsonii",0,0.0344375595805529,0.176760563380282,0.504225352112676,1,1,291.9,0.543084695014702,1
"Vespertilio murinus",0,0.01930409914204,0.176760563380282,0.52112676056338,1,1,281.6,0.54343828461714,1
"Leopardus pardalis",0,0.491658722592946,0.526760563380282,0.242253521126761,1,0.46911369740376,628.8,0.54595730090075,1
"Meriones hurrianae",0,0.53813155386082,0.638028169014085,0.176056338028169,1,0.383169203222919,664.6,0.547077052825198,1
"Myotis albescens",0,0.0517159199237369,0.176760563380282,0.51830985915493,1,1,308.4,0.54935726849179,1
"Bos javanicus",0,0.281339370829361,0.836619718309859,0.473239436619718,NA,0.609668755595345,612.75,0.550216820338571,1
"Rhinolophus rouxii",0,0.0315776930409914,0.35,0.370422535211268,1,1,295.1,0.550400045650452,1
"Trichosurus vulpecula",0,NA,0.694366197183099,0.347887323943662,NA,0.609668755595345,360.166666666667,0.550640758907368,1
"Myotis thysanodes",0,0.0738798856053384,0.176760563380282,0.505633802816901,1,1,325.2,0.551254850360504,1
"Colobus guereza",0,0.438632030505243,0.792957746478873,0.367605633802817,NA,0.609668755595345,751.25,0.552216041595569,1
"Papio papio",0,0.566491897044805,0.233098591549296,0.359154929577465,1,0.609668755595345,682.2,0.553682834753382,1
"Peromyscus truei",0,0.566491897044805,0.496478873239437,0.238028169014084,1,0.46911369740376,686.7,0.554022527340417,1
"Philetor brachypterus",0,0.0378932316491897,0.176760563380282,0.556338028169014,1,1,302.2,0.554198364639697,1
"Neovison vison",0,0.54706863679695,0.702816901408451,0.140845070422535,1,0.383169203222919,676.3,0.554779962370171,1
"Myotis yumanensis",0,0.0817445185891325,0.176760563380282,0.515492957746479,1,1,333.2,0.554799607943179,1
"Eptesicus diminutus",0,0.0620829361296473,0.176760563380282,0.535211267605634,1,1,319.5,0.554810953423113,1
"Microtus californicus",0,0.564346997140133,0.496478873239437,0.245070422535211,1,0.46911369740376,685.9,0.555001998063708,1
"Myotis levis",0,0.0687559580552908,0.176760563380282,0.533802816901408,1,1,324.9,0.555863867667396,1
"Lasiurus intermedius",0,0.0756673021925643,0.176760563380282,0.543661971830986,1,1,332.1,0.559217967480766,1
"Ammotragus lervia",0,0.450428979980934,0.7,0.480281690140845,NA,0.609668755595345,767.125,0.560094856429281,1
"Phoca vitulina",0,0.723665395614871,0.545070422535211,0.150704225352113,1,0.383169203222919,803.5,0.560521849345023,1
"Equus burchellii",0,NA,0.533802816901408,0.23943661971831,1,0.46911369740376,271,0.56058828350587,1
"Miniopterus inflatus",0,0.150381315538608,0.597183098591549,0.454929577464789,1,0.609668755595345,398.3,0.562432549438058,1
"Myotis chiloensis",0,0.12595328884652,0.176760563380282,0.514084507042254,1,1,370.1,0.563359671853811,1
"Rhombomys opimus",0,0.475929456625357,0.722535211267606,0.446478873239437,NA,0.609668755595345,791.875,0.563653074181936,1
"Pipistrellus hesperus",0,0.0930648236415634,0.176760563380282,0.550704225352113,1,1,347.7,0.564105922474792,1
"Myotis evotis",0,0.107006673021926,0.176760563380282,0.53943661971831,1,1,357.8,0.564640771224103,1
"Eptesicus brasiliensis",0,0.0569590085795996,0.176760563380282,0.592957746478873,1,1,323.4,0.565335463687751,1
"Myocastor coypus",0,0.799451858913251,0.307042253521127,0.256338028169014,1,0.46911369740376,857.9,0.56638916760143,1
"Myotis austroriparius",0,0.108913250714967,0.176760563380282,0.547887323943662,1,1,360.6,0.566712227607782,1
"Dasypus novemcinctus",0,0.898474737845567,0.240845070422535,0.235211267605634,1,0.46911369740376,928.6,0.568728954655499,1
"Macaca nemestrina",0,0.385486177311725,0.81830985915493,0.463380281690141,NA,0.609668755595345,717,0.569211268438035,1
"Callithrix leucippe",0,NA,0.233098591549296,0.43943661971831,1,0.609668755595345,272.75,0.570550991715738,1
"Sorex araneus",0,0.285986653956149,0.524647887323944,0.433802816901408,1,0.609668755595345,498.8,0.570821222755369,1
"Rhinolophus hildebrandtii",0,0.0228789323164919,0.765492957746479,0.495774647887324,NA,1,387.5,0.571036634487574,1
"Tamandua tetradactyla",0,0.891205910390848,0.240845070422535,0.26056338028169,1,0.46911369740376,926.1,0.572345611699767,1
"Oligoryzomys nigripes",0,0.607244995233556,0.519718309859155,0.270422535211268,1,0.46911369740376,728.8,0.573299907541548,1
"Ovis dalli",0,0.610581506196378,0.498591549295775,0.290140845070423,1,0.46911369740376,731.4,0.573685519593267,1
"Semnopithecus entellus",0,0.629408960915157,0.501408450704225,0.269014084507042,1,0.46911369740376,744.6,0.573789038706037,1
"Spermophilus richardsonii",0,0.881553860819828,0.664788732394366,0.284507042253521,NA,0.46911369740376,1158.75,0.574990833217869,1
"Myotis californicus",0,0.11558627264061,0.176760563380282,0.583098591549296,1,1,371.2,0.575089085514037,1
"Eptesicus furinalis",0,0.0575548141086749,0.176760563380282,0.645070422535211,1,1,331.3,0.575877160004834,1
"Lasiurus ega",0,0.0545757864632984,0.176760563380282,0.649295774647887,1,1,329.4,0.576126424898293,1
"Lasiurus seminolus",0,0.151096282173499,0.176760563380282,0.563380281690141,1,1,398.2,0.578247425448784,1
"Artibeus fimbriatus",0,0.189942802669209,0.176760563380282,0.530985915492958,1,1,426.2,0.57953785630849,1
"Scotophilus nigrita",0,0.0396806482364156,0.35,0.508450704225352,1,1,321.5,0.579626270492353,1
"Callithrix jacchus",0,0.945662535748332,0.833802816901408,0.159154929577465,NA,0.383169203222919,1221.75,0.580447371362531,1
"Lasionycteris noctivagans",0,0.135009532888465,0.176760563380282,0.594366197183099,1,1,389.1,0.581227258690369,1
"Histiotus velatus",0,0.0840085795996187,0.176760563380282,0.647887323943662,1,1,353.9,0.581731293384713,1
"Dasyprocta punctata",0,0.766920877025739,0.513380281690141,0.440845070422535,NA,0.609668755595345,1059,0.58270374618344,1
"Zygodontomys brevicauda",0,0.541468064823642,0.406338028169014,0.36056338028169,1,0.609668755595345,686,0.583607645773938,1
"Murina aurata",0,0.0189466158245949,0.35,0.549295774647887,1,1,309.9,0.583648478094496,1
"Myotis grisescens",0,0.11487130600572,0.176760563380282,0.630985915492958,1,1,377.4,0.584523556975792,1
"Spermophilus beecheyi",0,0.986415633937083,0.38169014084507,0.171830985915493,1,0.383169203222919,1003.8,0.584621192784113,1
"Lasiurus blossevillii",0,0.0555290753098189,0.176760563380282,0.698591549295775,1,1,337.2,0.586176237597175,1
"Saccolaimus saccolaimus",0,0.0731649189704481,0.176760563380282,0.68169014084507,1,1,349.6,0.58632312463916,1
"Connochaetes gnou",0,0.499046711153479,0.838028169014085,0.398591549295775,NA,0.609668755595345,828.125,0.586333796264671,1
"Lasiurus egregius",0,0.0662535748331745,0.176760563380282,0.690140845070423,1,1,345,0.586630996656776,1
"Lophocebus albigena",0,0.438632030505243,0.883802816901408,0.415492957746479,NA,0.609668755595345,775.875,0.586899140187119,1
"Myotis macrodactylus",0,0.0483794089609152,0.35,0.536619718309859,1,1,332.8,0.586999825454155,1
"Myotis leibii",0,0.145495710200191,0.176760563380282,0.614084507042253,1,1,400.7,0.587268156124545,1
"Corynorhinus townsendii",0,0.108913250714967,0.176760563380282,0.652112676056338,1,1,375.4,0.587557298030317,1
"Chrotopterus auritus",0,0.196973307912297,0.176760563380282,0.564788732394366,1,1,436.9,0.587704520737389,1
"Histiotus montanus",0,0.0751906577693041,0.176760563380282,0.691549295774648,1,1,352.7,0.588700103384847,1
"Euderma maculatum",0,0.116658722592946,0.176760563380282,0.650704225352113,1,1,381.7,0.588824702265068,1
"Antrozous pallidus",0,0.0828169685414681,0.176760563380282,0.685915492957746,1,1,358.3,0.589098604975899,1
"Tragelaphus scriptus",0,0.279313632030505,0.649295774647887,0.412676056338028,1,0.609668755595345,507.9,0.590190843722353,1
"Eumops perotis",0,0.16384652049571,0.176760563380282,0.612676056338028,1,1,415.9,0.590656628042804,1
"Nyctinomops macrotis",0,0.1732602478551,0.176760563380282,0.604225352112676,1,1,422.6,0.590849232669612,1
"Rhinolophus coelophyllus",0,0.023117254528122,0.452112676056338,0.488732394366197,1,1,319.3,0.592792464990131,1
"Martes foina",0,0.179099142040038,0.176760563380282,0.608450704225352,1,1,428.1,0.592862081929134,1
"Micronycteris megalotis",0,0.160867492850334,0.176760563380282,0.643661971830986,1,1,417.8,0.59625800561232,1
"Rhinolophus simulator",0,0.0458770257387989,0.452112676056338,0.484507042253521,1,1,337.8,0.596499348809732,1
"Nyctalus plancyi",0,0.0177550047664442,0.452112676056338,0.522535211267606,1,1,319.6,0.598480578418078,1
"Sylvilagus brasiliensis",0,0.614275500476644,0.647887323943662,0.261971830985915,1,0.46911369740376,751.7,0.598649670561996,1
"Lasiurus xanthinus",0,0.0940181124880839,0.176760563380282,0.722535211267606,1,1,372.9,0.598662777427194,1
"Otomys tropicalis",0,0.313512869399428,0.691549295774648,0.37887323943662,1,0.609668755595345,537.8,0.598720832041208,1
"Capra ibex",0,0.5767397521449,0.832394366197183,0.383098591549296,NA,0.609668755595345,905.875,0.600475366371681,1
"Myotis brandtii",0,0.0207340324118208,0.452112676056338,0.529577464788732,1,1,323.1,0.600484834651378,1
"Dasyprocta leporina",0,0.738679694947569,0.233098591549296,0.42112676056338,1,0.609668755595345,835.5,0.600514760531118,1
"Chlorocebus pygerythrus",0,0.461987607244995,0.959154929577465,0.373239436619718,NA,0.609668755595345,806.25,0.601012682259381,1
"Urocyon littoralis",0,0.539680648236416,0.794366197183099,0.46056338028169,NA,0.609668755595345,874,0.601069745324137,1
"Oreamnos americanus",0,0.672187797902765,0.707042253521127,0.416901408450704,NA,0.609668755595345,989.75,0.601450053867485,1
"Scotophilus nux",0,0.0490943755958055,0.452112676056338,0.507042253521127,1,1,343.7,0.601649861034654,1
"Nycticeius humeralis",0,0.137988560533842,0.176760563380282,0.695774647887324,1,1,406,0.602104754360289,1
"Nyctalus lasiopterus",0,0.0349142040038132,0.452112676056338,0.523943661971831,1,1,334.2,0.602194108406396,1
"Pagophilus groenlandicus",0,0.666706387035272,0.78169014084507,0.352112676056338,NA,0.609668755595345,985.75,0.602544489883006,1
"Lynx rufus",0,0.560414680648236,0.376760563380282,0.467605633802817,1,0.609668755595345,712.9,0.602889926685336,1
"Platyrrhinus lineatus",0,0.167302192564347,0.176760563380282,0.670422535211268,1,1,427,0.602897058231179,1
"Leptonycteris curasoae",0,0.177430886558627,0.176760563380282,0.66056338028169,1,1,434.1,0.60295096604412,1
"Oryzomys laticeps",0,NA,0.406338028169014,0.397183098591549,1,0.609668755595345,296,0.603297470588977,1
"Eumops auripendulus",0,0.177430886558627,0.176760563380282,0.664788732394366,1,1,434.7,0.603796036466655,1
"Glossophaga morenoi",0,0.200190657769304,0.176760563380282,0.642253521126761,1,1,450.6,0.603840948455269,1
"Lasiurus borealis",0,0.148474737845567,0.176760563380282,0.694366197183099,1,1,414.6,0.60392029968179,1
"Diaemus youngi",0,0.191015252621544,0.176760563380282,0.654929577464789,1,1,444.7,0.604541078693323,1
"Hylobates lar",0,0.400500476644423,0.950704225352113,0.457746478873239,NA,0.609668755595345,755.25,0.60465498411628,1
"Glossophaga longirostris",0,0.181839847473785,0.176760563380282,0.666197183098592,1,1,438.6,0.604959518790532,1
"Rhinolophus megaphyllus",0,0.0882983794089609,0.452112676056338,0.497183098591549,1,1,375.2,0.60751883081137,1
"Mesocricetus auratus",0,0.669566253574833,0.788732394366197,0.198591549295775,1,0.383169203222919,799.5,0.608011880091945,1
"Myotis capaccinii",0,0.0297902764537655,0.452112676056338,0.561971830985916,1,1,335.3,0.608774956699204,1
"Vespadelus pumilus",0,0.140133460438513,0.35,0.559154929577465,1,1,413,0.609857678003196,1
"Caluromys philander",0,NA,0.406338028169014,0.423943661971831,1,0.609668755595345,300.75,0.609987611434047,1
"Rhinolophus capensis",0,0.113322211630124,0.452112676056338,0.485915492957746,1,1,394.6,0.610270076128842,1
"Alouatta palliata",0,0.799451858913251,0.302112676056338,0.343661971830986,1,0.609668755595345,885.3,0.610979052479184,1
"Myotis longipes",0,0.0667302192564347,0.452112676056338,0.540845070422535,1,1,363.3,0.611937593147062,1
"Pipistrellus inexspectatus",0,0.0504051477597712,0.452112676056338,0.56056338028169,1,1,352.4,0.61261624081956,1
"Lepus europaeus",0,0.385486177311725,0.980281690140845,0.48169014084507,NA,0.609668755595345,749,0.614281690973246,1
"Otocyon megalotis",0,0.281935176358437,0.176760563380282,0.62112676056338,1,1,516.2,0.61596450006042,1
"Genetta genetta",0,0.229504289799809,0.176760563380282,0.684507042253521,1,1,481.2,0.618154379086722,1
"Tylonycteris robustula",0,0.00548141086749285,0.452112676056338,0.633802816901408,1,1,325.1,0.618279380765048,1
"Miniopterus pusillus",0,0.0644661582459485,0.452112676056338,0.576056338028169,1,1,366.4,0.618527034466091,1
"Alouatta caraya",0,0.812559580552908,0.233098591549296,0.445070422535211,1,0.609668755595345,900.9,0.620079470046552,1
"Artibeus toltecus",0,0.184699714013346,0.35,0.566197183098592,1,1,451.4,0.620179379422388,1
"Glauconycteris argentata",0,0.0452812202097235,0.909154929577465,0.538028169014084,NA,1,444,0.623116079700318,1
"Ammospermophilus nelsoni",0,0.86606291706387,0.233098591549296,0.407042253521127,1,0.609668755595345,940.4,0.623174503545928,1
"Macaca fuscata",0,0.618446139180172,0.791549295774648,0.476056338028169,NA,0.609668755595345,958.875,0.623930132144583,1
"Spermophilus tridecemlineatus",0,0.982364156339371,0.0964788732394366,0.432394366197183,1,0.609668755595345,1022.2,0.624181230274267,1
"Tolypeutes matacus",0,0.860819828408008,0.233098591549296,0.41830985915493,1,0.609668755595345,937.6,0.624379406941516,1
"Calomys callosus",0,0.689704480457579,0.785915492957746,0.414084507042254,NA,0.609668755595345,1021.625,0.624843309013231,1
"Vespadelus regulus",0,0.141444232602479,0.452112676056338,0.532394366197183,1,1,424.8,0.6251902549712,1
"Leptonycteris nivalis",0,0.203050524308866,0.176760563380282,0.750704225352113,1,1,468.4,0.626103062608252,1
"Myotis davidii",0,0.0784080076263108,0.452112676056338,0.601408450704225,1,1,381.7,0.626385826877375,1
"Cystophora cristata",0,0.672187797902765,0.78169014084507,0.442253521126761,NA,0.609668755595345,1007.5,0.626450053867485,1
"Cercopithecus nictitans",0,0.529909437559581,0.883802816901408,0.483098591549296,NA,0.609668755595345,883.625,0.626619900401407,1
"Miniopterus natalensis",0,0.129170638703527,0.452112676056338,0.554929577464789,1,1,417.7,0.627242578444931,1
"Erethizon dorsatum",0,0.83567683508103,0.32112676056338,0.371830985915493,1,0.609668755595345,922.4,0.62766066743105,1
"Trachypithecus cristatus",0,0.442445185891325,0.636619718309859,0.450704225352113,1,0.609668755595345,648.4,0.627887577029728,1
"Hipposideros diadema",0,0.0421830314585319,0.452112676056338,0.646478873239437,1,1,357.7,0.628154916150861,1
"Bison bonasus",0,0.651334604385129,0.816901408450704,0.436619718309859,NA,0.609668755595345,990.875,0.628631121685259,1
"Pan paniscus",0,0.616182078169685,0.912676056338028,0.380281690140845,NA,0.609668755595345,961,0.629702145060976,1
"Myodes gapperi",0,0.612488083889418,0.933802816901408,0.366197183098592,NA,0.609668755595345,958.375,0.630539209871191,1
"Tamiasciurus hudsonicus",0,0.881553860819828,0.536619718309859,0.266197183098592,1,0.46911369740376,960.8,0.630696891926408,1
"Miniopterus magnater",0,0.0411105815061964,0.452112676056338,0.661971830985915,1,1,359,0.63103901770969,1
"Eumetopias jubatus",0,0.710795996186845,0.745070422535211,0.459154929577465,NA,0.609668755595345,1044.5,0.631172525973716,1
"Falsistrellus mackenziei",0,0.140729265967588,0.452112676056338,0.569014084507042,1,1,429.4,0.632371205306194,1
"Canis aureus",0,0.117969494756911,0.733802816901408,0.683098591549296,NA,1,514.875,0.633717725801904,1
"Nycteris thebaica",0,0.0831744518589133,0.176760563380282,0.909859154929577,1,1,390.4,0.633958834033755,1
"Atilax paludinosus",0,0.270734032411821,0.176760563380282,0.723943661971831,1,1,521.4,0.634287651552787,1
"Miniopterus australis",0,0.147283126787417,0.452112676056338,0.574647887323944,1,1,435.7,0.63480873803354,1
"Proteles cristata",0,0.291825548141087,0.176760563380282,0.705633802816901,1,1,536.5,0.634843982867654,1
"Myotis macropus",0,0.0835319351763584,0.452112676056338,0.63943661971831,1,1,391.4,0.635016246190201,1
"Hipposideros cineraceus",0,0.0166825548141087,0.35,0.809859154929577,1,1,345,0.635308341948737,1
"Chalinolobus gouldii",0,0.110104861773117,0.452112676056338,0.61830985915493,1,1,410.7,0.636105479396877,1
"Diphylla ecaudata",0,0.164918970448046,0.176760563380282,0.83943661971831,1,1,449,0.636223230709327,1
"Alouatta pigra",0,0.830433746425167,0.302112676056338,0.449295774647887,1,0.609668755595345,926.3,0.638302190544947,1
"Metachirus nudicaudatus",0,NA,0.588732394366197,0.354929577464789,1,0.609668755595345,320.875,0.638332681856583,1
"Hipposideros speoris",0,0.155147759771211,0.35,0.688732394366197,1,1,444,0.638776030827482,1
"Eumops patagonicus",0,0.199356530028599,0.176760563380282,0.81830985915493,1,1,474.9,0.638885390512762,1
"Lobodon carcinophaga",0,0.720924690181125,0.78169014084507,0.443661971830986,NA,0.609668755595345,1058.875,0.638986389613131,1
"Chrysocyon brachyurus",0,0.419804575786463,0.176760563380282,0.598591549295775,1,1,628.7,0.639031337692504,1
"Molossops neglectus",0,0.184103908484271,0.176760563380282,0.835211267605634,1,1,464.5,0.639215147894037,1
"Vulpes corsac",0,0.268469971401335,0.176760563380282,0.754929577464789,1,1,523.9,0.640032022449281,1
"Saccolaimus flaviventris",0,0.243565300285987,0.176760563380282,0.783098591549296,1,1,507,0.640684891043113,1
"Anoura caudifer",0,0.160390848427073,0.452112676056338,0.591549295774648,1,1,449.1,0.640810564051612,1
"Neotoma fuscipes",0,0.706625357483317,0.485211267605634,0.402816901408451,1,0.609668755595345,841.8,0.640864456418549,1
"Hipposideros vittatus",0,0.133579599618684,0.452112676056338,0.626760563380282,1,1,431.6,0.642490567811061,1
"Hipposideros lankadiva",0,0.159675881792183,0.35,0.702816901408451,1,1,449.8,0.642498556640127,1
"Ovibos moschatus",0,0.594018112488084,0.935211267605634,0.435211267605634,NA,0.609668755595345,951.5,0.643527350823674,1
"Syconycteris australis",0,0.112607244995234,0.733802816901408,0.729577464788732,NA,1,517.5,0.643996881671344,1
"Heteromys anomalus",0,0.818398474737846,0.406338028169014,0.391549295774648,1,0.609668755595345,922.8,0.64519091085537,1
"Leopardus geoffroyi",0,0.575309818875119,0.938028169014084,0.466197183098592,NA,0.609668755595345,937.875,0.647300981645785,1
"Mesophylla macconnelli",0,0.160867492850334,0.452112676056338,0.625352112676056,1,1,454.3,0.647666456316546,1
"Carollia subrufa",0,0.200428979980934,0.614084507042253,0.788732394366197,NA,1,598.875,0.650811470347346,1
"Apodemus chevrieri",0,0.251549094375596,0.452112676056338,0.553521126760563,1,1,520.2,0.651436579438499,1
"Myonycteris torquata",0,0.0359866539561487,0.973239436619718,0.597183098591549,NA,1,456.125,0.651602297291854,1
"Mimon crenulatum",0,0.169208770257388,0.35,0.745070422535211,1,1,463.8,0.65285583855852,1
"Oryzomys megacephalus",0,NA,0.532394366197183,0.470422535211268,1,0.609668755595345,331.375,0.653121414250949,1
"Macrotus californicus",0,0.22199714013346,0.176760563380282,0.867605633802817,1,1,500.9,0.653272667463312,1
"Diclidurus albus",0,0.218303145853194,0.176760563380282,0.885915492957747,1,1,500.4,0.656195840438244,1
"Chalinolobus morio",0,0.133579599618684,0.452112676056338,0.716901408450704,1,1,444.4,0.660518736825145,1
"Sciurus griseus",0,0.920519542421354,0.643661971830986,0.469014084507042,NA,0.609668755595345,1248.25,0.660716088588682,1
"Lepus timidus",0,0.471163012392755,0.746478873239437,0.47887323943662,1,0.609668755595345,692.1,0.661236776132831,1
"Apodemus argenteus",0,0.323879885605338,0.35,0.632394366197183,1,1,577.6,0.661254850360504,1
"Ondatra zibethicus",0,0.276811248808389,0.35,0.680281690140845,1,1,544.9,0.661418587789847,1
"Vespadelus baverstocki",0,0.125,0.452112676056338,0.730985915492958,1,1,439.2,0.661619718309859,1
"Madromys blanfordi",0,0.32769304099142,0.35,0.636619718309859,1,1,581.4,0.662862551860256,1
"Cardioderma cor",0,0.166348903717827,0.452112676056338,0.701408450704225,1,1,469.7,0.663974006095678,1
"Sturnira ludovici",0,0.192445185891325,0.614084507042253,0.856338028169014,NA,1,602.5,0.665716930275648,1
"Mellivora capensis",0,0.22199714013346,0.176760563380282,0.933802816901408,1,1,510.3,0.66651210408303,1
"Marmota flaviventris",0,0.849022878932317,0.485211267605634,0.390140845070423,1,0.609668755595345,959.5,0.666808749440744,1
"Glossophaga commissarisi",0,0.167897998093422,0.614084507042253,0.894366197183099,NA,1,583.5,0.669087175579694,1
"Rusa unicolor",0,0.179099142040038,0.826056338028169,0.676056338028169,NA,1,594.125,0.670302954524094,1
"Sturnira erythromos",0,0.171830314585319,0.452112676056338,0.733802816901408,1,1,478.9,0.671549161508613,1
"Sturnira tildae",0,0.175524308865586,0.35,0.847887323943662,1,1,483.7,0.67468232656185,1
"Nycteris nana",0,0.150857959961868,0.733802816901408,0.814084507042254,NA,1,572.625,0.674686320976383,1
"Lonchorhina aurita",0,0.174928503336511,0.452112676056338,0.752112676056338,1,1,484.1,0.675830771089837,1
"Mystacina tuberculata",0,0.242373689227836,0.452112676056338,0.687323943661972,1,1,531.5,0.676362061789229,1
"Lemur catta",0,0.904551954242135,0.416197183098592,0.453521126760563,1,0.609668755595345,1005.3,0.676787803939327,1
"Vampyrodes caraccioli",0,0.152287893231649,0.765492957746479,0.801408450704225,NA,1,577.5,0.679797325420588,1
"Ateles geoffroyi",0,0.815657769304099,0.835211267605634,0.461971830985915,NA,0.609668755595345,1171,0.680627405872748,1
"Lonchophylla robusta",0,0.181839847473785,0.765492957746479,0.777464788732394,NA,1,604.25,0.681199398488164,1
"Cynictis penicillata",0,0.48963298379409,0.176760563380282,0.740845070422535,1,1,707.5,0.681447723519381,1
"Lycalopex vetulus",0,0.458293612964728,0.176760563380282,0.773239436619718,1,1,685.8,0.681658722592946,1
"Rhynchonycteris naso",0,0.2017397521449,0.614084507042253,0.914084507042254,NA,1,622.5,0.682477191557352,1
"Galago senegalensis",0,0.485581506196378,0.614084507042253,0.635211267605634,NA,1,870.75,0.683719320211066,1
"Mandrillus leucophaeus",0,0.720924690181125,0.936619718309859,0.471830985915493,NA,0.609668755595345,1091.375,0.684761037500455,1
"Crocidura attenuata",0,0.22032888465205,0.452112676056338,0.756338028169014,1,1,522.8,0.68575591777548,1
"Spermophilus undulatus",0,0.594018112488084,0.176760563380282,0.659154929577465,1,1,783.5,0.685986721089166,1
"Genetta maculata",0,0.268946615824595,0.733802816901408,0.742253521126761,NA,1,683.75,0.686250738463191,1
"Apodemus speciosus",0,0.355338417540515,0.35,0.728169014084507,1,1,617.6,0.686701486325004,1
"Vulpes lagopus",0,0.491658722592946,0.176760563380282,0.769014084507042,1,1,713.2,0.687486674096054,1
"Vandeleuria oleracea",0,0.236296472831268,0.35,0.852112676056338,1,1,535.3,0.687681829777521,1
"Natalus stramineus",0,0.253574833174452,0.35,0.845070422535211,1,1,548.8,0.689729051141933,1
"Suricata suricatta",0,0.55838894184938,0.176760563380282,0.71830985915493,1,1,762,0.690691872876918,1
"Mustela putorius",0,0.248927550047664,0.452112676056338,0.757746478873239,1,1,547,0.691757340995448,1
"Hydrochoerus hydrochaeris",0,0.660271687321258,0.176760563380282,0.622535211267606,1,1,833.9,0.691913492393829,1
"Muntiacus muntjak",0,0.274189704480458,0.826056338028169,0.667605633802817,NA,1,692.375,0.691962919077861,1
"Mus spretus",0,0.265848427073403,0.990140845070423,0.512676056338028,NA,1,685.25,0.692166332120464,1
"Felis nigripes",0,0.507983794089609,0.176760563380282,0.78169014084507,1,1,728.7,0.693286899662992,1
"Ursus arctos",0,0.255243088655863,0.614084507042253,0.907042253521127,NA,1,677.375,0.694092462304811,1
"Sylvilagus floridanus",0,0.74904671115348,0.750704225352113,0.361971830985916,1,0.609668755595345,909.3,0.694278304617371,1
"Dobsonia anderseni",0,0.0843660629170639,0.879577464788732,0.509859154929577,1,1,434.4,0.694760536527075,1
"Taphozous theobaldi",0,0.0799571020019066,0.680281690140845,0.726760563380282,1,1,433.2,0.697399871104607,1
"Calomys musculinus",0,0.59556720686368,0.35,0.545070422535211,1,1,793.2,0.698127525879778,1
"Galerella sanguinea",0,NA,0.176760563380282,0.619718309859155,1,1,349.25,0.699119718309859,1
"Pteropus capistratus",0,0.111653956148713,0.879577464788732,0.511267605633803,1,1,457.5,0.70049980531425,1
"Pteropus neohibernicus",0,0.0900857959961869,0.879577464788732,0.546478873239437,1,1,444.4,0.703228426804871,1
"Mus spicilegus",0,0.257745471877979,0.977464788732394,0.57887323943662,NA,1,686.25,0.703520875011748,1
"Praomys jacksoni",0,0.286463298379409,0.35,0.88169014084507,1,1,581.6,0.703630687844896,1
"Gazella dorcas",0,0.319351763584366,0.805633802816901,0.704225352112676,NA,1,742.625,0.707302729628486,1
"Lichonycteris obscura",0,0.208770257387989,0.452112676056338,0.883098591549296,1,1,531.1,0.708796304998724,1
"Arvicola amphibius",0,0.26930409914204,0.35,0.936619718309859,1,1,575,0.71118476349038,1
"Lophostoma silvicolum",0,0.161344137273594,0.765492957746479,0.919718309859155,NA,1,608,0.711638851219807,1
"Pteropus admiralitatum",0,0.092230695900858,0.879577464788732,0.587323943661972,1,1,452,0.711826420870312,1
"Phacochoerus africanus",0,0.280505243088656,0.995070422535211,0.573239436619718,NA,1,712.25,0.712203775560896,1
"Cerdocyon thous",0,0.445066730219256,0.805633802816901,0.623943661971831,NA,1,860.25,0.718661048751997,1
"Potamochoerus porcus",0,0.312082936129647,0.995070422535211,0.571830985915493,NA,1,745.125,0.719746086145088,1
"Redunca fulvorufula",0,0.349261201143947,0.733802816901408,0.798591549295775,NA,1,778,0.720413891835282,1
"Reithrodontomys megalotis",0,0.551835081029552,0.35,0.72112676056338,1,1,781.5,0.724592368318586,1
"Gazella subgutturosa",0,0.317445185891325,0.733802816901408,0.850704225352113,NA,1,753.875,0.725488057036212,1
"Glaucomys volans",0,0.763346043851287,0.176760563380282,0.708450704225352,1,1,932.6,0.729711462291384,1
"Lynx lynx",0,0.252144899904671,0.848591549295775,0.822535211267606,NA,1,700.75,0.730817915117013,1
"Arvicola scherman",0,0.328884652049571,0.848591549295775,0.753521126760563,NA,1,769,0.732749332026477,1
"Colobus polykomos",0,0.578765490943756,0.35,0.746478873239437,1,1,807.7,0.735048872836639,1
"Otomys irroratus",0,0.392635843660629,0.733802816901408,0.819718309859155,NA,1,827.25,0.736539242605298,1
"Deomys ferrugineus",0,0.487845567206864,0.452112676056338,0.743661971830986,1,1,745.5,0.736724043018838,1
"Mus setulosus",0,0.267040038131554,0.973239436619718,0.709859154929578,NA,1,718.5,0.737534657420212,1
"Cricetus cricetus",0,0.321377502383222,0.962676056338028,0.669014084507042,NA,1,766.375,0.738266910807073,1
"Akodon azarae",0,0.592707340324118,0.614084507042253,0.747887323943662,NA,1,1003.125,0.738669792827508,1
"Ourebia ourebi",0,0.261916110581506,0.733802816901408,0.976056338028169,NA,1,717.875,0.742943816377771,1
"Trachypithecus francoisi",0,0.42302192564347,0.35,0.947887323943662,1,1,705.6,0.744181849917426,1
"Tragulus javanicus",0,0.450428979980934,0.873239436619718,0.656338028169014,NA,1,883.625,0.745001611192417,1
"Mastomys huberti",0,0.344256434699714,0.909154929577465,0.735211267605634,NA,1,792.625,0.747155657970703,1
"Mustela lutreola",0,0.256673021925643,0.863380281690141,0.869014084507042,NA,1,716.375,0.747266847030707,1
"Neotoma floridana",0,0.62476167778837,0.176760563380282,0.935211267605634,1,1,848.5,0.747346701754857,1
"Castor fiber",0,0.376668255481411,0.848591549295775,0.766197183098592,NA,1,821.375,0.747864246968944,1
"Tragelaphus eurycerus",0,0.303503336510963,0.873239436619718,0.815492957746479,NA,1,757.75,0.74805893271929,1
"Cuniculus paca",0,0.626787416587226,0.614084507042253,0.767605633802817,NA,1,1042.375,0.752119389358074,1
"Thryonomys swinderianus",0,0.502502383222116,0.733802816901408,0.780281690140845,NA,1,935.5,0.754146722566092,1
"Cercopithecus pogonias",0,0.476882745471878,0.614084507042253,0.932394366197183,NA,1,914.375,0.755840404677829,1
"Tragelaphus angasii",0,0.499046711153479,0.733802816901408,0.797183098591549,NA,1,934.875,0.757508156661609,1
"Myodes rufocanus",0,0.340681601525262,0.848591549295775,0.842253521126761,NA,1,797.125,0.757881667986949,1
"Funisciurus anerythrus",0,0.506911344137274,0.848591549295775,0.67887323943662,NA,1,942.5,0.758594033217417,1
"Meles meles",0,0.245829361296473,0.917605633802817,0.871830985915493,NA,1,715.125,0.758816495253696,1
"Macaca arctoides",0,0.284199237368923,0.922535211267606,0.832394366197183,NA,1,749.25,0.759782203708428,1
"Blastocerus dichotomus",0,0.507983794089609,0.826056338028169,0.707042253521127,NA,1,944.625,0.760270596409726,1
"Desmodillus auricularis",0,0.545757864632984,0.35,0.905633802816901,1,1,802.6,0.760278333489977,1
"Dasymys incomtus",0,0.268946615824595,0.680281690140845,0.857746478873239,1,1,610.4,0.761394956967736,1
"Lycalopex gymnocercus",0,0.437082936129647,0.805633802816901,0.804225352112676,NA,1,883.875,0.761735522764806,1
"Thomomys talpoides",0,0.842588179218303,0.35,0.616901408450704,1,1,1010.7,0.761897917533801,1
"Lemmus lemmus",0,0.484628217349857,0.987323943661972,0.577464788732394,NA,1,925.75,0.762354237436056,1
"Micaelamys namaquensis",0,0.314585319351764,0.909154929577465,0.829577464788732,NA,1,778.25,0.76332942842949,1
"Spermophilus citellus",0,0.435653002859867,0.992957746478873,0.628169014084507,NA,1,884.375,0.764194940855812,1
"Pseudois nayaur",0,0.296234509056244,0.805633802816901,0.954929577464789,NA,1,762.875,0.764199472334484,1
"Gerbilliscus validus",0,0.392635843660629,0.680281690140845,0.749295774647887,1,1,698.8,0.764442661689872,1
"Hylobates pileatus",0,0.494161105815062,0.96830985915493,0.595774647887324,NA,1,935.625,0.764561403214329,1
"Melanomys caliginosus",0,0.610581506196378,0.614084507042253,0.836619718309859,NA,1,1037.625,0.765321432887123,1
"Neoromicia nanus",0,NA,0.452112676056338,0.615492957746479,1,1,397.375,0.766901408450704,1
"Mungos mungo",0,0.294804575786463,0.991549295774648,0.794366197183099,NA,1,765.875,0.770180017186052,1
"Rupicapra rupicapra",0,0.330076263107722,0.922535211267606,0.828169014084507,NA,1,796.625,0.770195122114959,1
"Akodon montensis",0,0.590443279313632,0.35,0.915492957746479,1,1,841.5,0.771187247412022,1
"Raphicerus sharpei",0,0.372020972354623,0.826056338028169,0.888732394366197,NA,1,834.25,0.771702426187247,1
"Prionailurus bengalensis",0,0.160867492850334,0.942957746478873,0.983098591549296,NA,1,650.25,0.771730957719626,1
"Spermophilus variegatus",0,0.753098188751192,0.176760563380282,0.930985915492958,1,1,955.6,0.772168933524886,1
"Lophuromys flavopunctatus",0,0.292897998093422,0.680281690140845,0.891549295774648,1,1,635.3,0.772945796801783,1
"Macropus fuliginosus",0,NA,0.733802816901408,0.588732394366197,NA,1,499.166666666667,0.774178403755869,1
"Bassaricyon gabbii",0,0.566491897044805,0.765492957746479,0.771830985915493,NA,1,1006.75,0.775953960176694,1
"Spermophilus fulvus",0,0.531220209723546,0.848591549295775,0.725352112676056,NA,1,976.25,0.776290967923844,1
"Coendou prehensilis",0,0.647640610104862,0.614084507042253,0.853521126760563,NA,1,1079.5,0.77881156097692,1
"Boselaphus tragocamelus",0,0.362368922783603,0.826056338028169,0.928169014084507,NA,1,831.125,0.77914856872407,1
"Puma yagouaroundi",0,0.510605338417541,0.452112676056338,0.956338028169014,1,1,794.8,0.783811208528579,1
"Saguinus geoffroyi",0,0.929575786463298,0.35,0.640845070422535,1,1,1087.1,0.784084171377167,1
"Alouatta seniculus",0,0.742135367016206,0.614084507042253,0.784507042253521,NA,1,1166.375,0.785181729077995,1
"Ozotoceros bezoarticus",0,0.464728312678742,0.962676056338028,0.714084507042254,NA,1,924.75,0.785372219014756,1
"Phacochoerus aethiopicus",0,0.507983794089609,0.826056338028169,0.808450704225352,NA,1,962.625,0.785622709085783,1
"Funambulus tristriatus",0,0.863560533841754,0.35,0.738028169014085,1,1,1045.5,0.790317740571168,1
"Rupicapra pyrenaica",0,0.590443279313632,0.873239436619718,0.7,NA,1,1038.25,0.790920678983338,1
"Tylomys nudicaudus",0,0.660271687321258,0.765492957746479,0.73943661971831,NA,1,1099.375,0.791300316196512,1
"Sylvilagus nuttallii",0,0.895853193517636,0.35,0.711267605633803,1,1,1068.8,0.791424159830288,1
"Oryzomys palustris",0,0.674928503336511,0.35,0.93943661971831,1,1,915.8,0.792873024610964,1
"Peromyscus boylii",0,0.612488083889418,0.899295774647887,0.663380281690141,NA,1,1059.5,0.793791035056862,1
"Taxidea taxus",0,0.522402287893232,0.805633802816901,0.849295774647887,NA,1,981.375,0.794332966339505,1
"Presbytis melalophos",0,0.513465204957102,0.680281690140845,0.77887323943662,1,1,804.4,0.794524026906913,1
"Ateles paniscus",0,0.799451858913251,0.35,0.823943661971831,1,1,1003.9,0.794679104177016,1
"Meriones libycus",0,0.37571496663489,0.848591549295775,0.96056338028169,NA,1,854.875,0.796217474053089,1
"Lepus capensis",0,0.369995233555767,0.985211267605634,0.830985915492958,NA,1,850.125,0.79654810416359,1
"Baiomys taylori",0,0.647640610104862,0.765492957746479,0.787323943661972,NA,1,1094.625,0.800114377878328,1
"Nycticebus coucang",0,0.42302192564347,0.680281690140845,0.904225352112676,1,1,746.3,0.801505793579398,1
"Dipodomys nitratoides",0,0.96234509056244,0.35,0.697183098591549,1,1,1122.6,0.801905637830798,1
"Tupaia belangeri",0,0.287178265014299,0.948591549295775,0.980281690140845,NA,1,783.25,0.80401287611273,1
"Pithecia pithecia",0,0.732840800762631,0.614084507042253,0.870422535211268,NA,1,1171.875,0.804336960754038,1
"Glis glis",0,0.363560533841754,0.890140845070423,0.964788732394366,NA,1,850.25,0.804622527826636,1
"Halichoerus grypus",0,0.629408960915157,0.805633802816901,0.791549295774648,NA,1,1083.375,0.806648014876677,1
"Nasua narica",0,0.499046711153479,0.765492957746479,0.963380281690141,NA,1,970,0.806979987647525,1
"Capra pyrenaica",0,0.505243088655863,0.733802816901408,0.991549295774648,NA,1,975.875,0.80764880033298,1
"Onychomys torridus",0,0.756315538608198,0.35,0.938028169014084,1,1,983.9,0.808868741524457,1
"Heliosciurus rufobrachium",0,0.512035271687321,0.848591549295775,0.884507042253521,NA,1,984.375,0.811283465809154,1
"Cricetomys emini",0,0.426239275500477,0.848591549295775,0.971830985915493,NA,1,909.875,0.811665452677936,1
"Choloepus didactylus",0,0.878693994280267,0.614084507042253,0.76056338028169,NA,1,1305.375,0.813335470401053,1
"Cercopithecus petaurista",0,0.50917540514776,0.848591549295775,0.898591549295775,NA,1,983.875,0.814089625934827,1
"Pusa sibirica",0,0.693160152526215,0.805633802816901,0.770422535211268,NA,1,1146.5,0.817304122638596,1
"Oryzomys alfaroi",0,NA,0.614084507042253,0.838028169014085,NA,1,529.833333333333,0.817370892018779,1
"Orcinus orca",0,NA,0.35,0.923943661971831,1,1,434,0.818485915492958,1
"Hoplomys gymnurus",0,0.917778836987607,0.614084507042253,0.759154929577465,NA,1,1346.125,0.822754568401831,1
"Saiga tatarica",0,0.525262154432793,0.826056338028169,0.940845070422535,NA,1,1004.25,0.823040890720874,1
"Cercopithecus neglectus",0,0.464728312678742,0.929577464788732,0.9,NA,1,951.875,0.823576444366868,1
"Oligoryzomys flavescens",0,0.569351763584366,0.848591549295775,0.887323943661972,NA,1,1045,0.826316814135528,1
"Saguinus midas",0,0.782769304099142,0.614084507042253,0.912676056338028,NA,1,1231.75,0.827382466869856,1
"Trachypithecus obscurus",0,0.491658722592946,0.988732394366197,0.833802816901408,NA,1,978.875,0.828548483465138,1
"Cercopithecus cephus",0,0.563274547187798,0.929577464788732,0.825352112676056,NA,1,1042,0.829551031163147,1
"Proechimys guairae",0,0.756315538608198,0.614084507042253,0.950704225352113,NA,1,1210.75,0.830276067750641,1
"Dipodomys merriami",0,0.799451858913251,0.765492957746479,0.763380281690141,NA,1,1249.625,0.832081274587468,1
"Cercocebus atys",0,0.55838894184938,0.929577464788732,0.840845070422535,NA,1,1039.625,0.832202869265162,1
"Perognathus parvus",0,0.855338417540515,0.899295774647887,0.584507042253521,NA,1,1300.25,0.834785308610481,1
"Cercopithecus mitis",0,0.481291706387035,0.962676056338028,0.897183098591549,NA,1,974.625,0.835287715329153,1
"Dipodomys heermanni",0,0.891205910390848,0.35,0.942253521126761,1,1,1097.7,0.836691886303522,1
"Cephalophus callipygus",0,0.494161105815062,0.973239436619718,0.890140845070423,NA,1,988.75,0.839385346876301,1
"Miopithecus talapoin",0,0.620710200190658,0.929577464788732,0.811267605633803,NA,1,1099.75,0.840388817653298,1
"Capricornis crispus",0,0.500357483317445,0.873239436619718,0.992957746478873,NA,1,995.75,0.841638666604009,1
"Oryzomys angouya",0,NA,0.848591549295775,0.677464788732394,NA,1,547.333333333333,0.842018779342723,1
"Zalophus californianus",0,0.634771210676835,0.942957746478873,0.795774647887324,NA,1,1114.125,0.843375901260758,1
"Nectomys squamipes",0,0.632387988560534,0.680281690140845,0.908450704225352,1,1,922.6,0.844224076585346,1
"Eschrichtius robustus",0,NA,0.942957746478873,0.590140845070423,NA,1,549,0.844366197183099,1
"Cercocebus agilis",0,0.435653002859867,0.954929577464789,0.990140845070423,NA,1,941.875,0.845180856348769,1
"Diplomys labilis",0,0.965085795996187,0.765492957746479,0.657746478873239,NA,1,1404.625,0.847081308153976,1
"Mustela nigripes",0,0.551835081029552,0.962676056338028,0.874647887323944,NA,1,1044.625,0.847289756172881,1
"Cebus apella",0,0.693160152526215,0.680281690140845,0.864788732394366,1,1,967.4,0.847646115012285,1
"Proechimys longicaudatus",0,0.770257387988561,0.765492957746479,0.854929577464789,NA,1,1235.25,0.847669980799957,1
"Sciurus granatensis",0,0.782769304099142,0.614084507042253,0.998591549295775,NA,1,1247,0.848861340109293,1
"Trinomys iheringi",0,0.802430886558627,0.680281690140845,0.764788732394366,1,1,1044.9,0.849500261818768,1
"Chironectes minimus",0,NA,0.765492957746479,0.785915492957746,NA,1,553.333333333333,0.850469483568075,1
"Pudu puda",0,0.612488083889418,0.873239436619718,0.922535211267606,NA,1,1100.875,0.852065682944186,1
"Procapra gutturosa",0,0.600810295519542,0.826056338028169,0.984507042253521,NA,1,1091.25,0.852843418950308,1
"Mirounga leonina",0,NA,0.614084507042253,0.953521126760563,NA,1,557.166666666667,0.855868544600939,1
"Reithrodontomys mexicanus",0,0.647640610104862,0.680281690140845,0.952112676056338,1,1,941.6,0.856006995260409,1
"Delphinapterus leucas",0,NA,0.997887323943662,0.580281690140845,NA,1,559.666666666667,0.859389671361502,1
"Macaca nigra",0,0.773355576739752,0.954929577464789,0.715492957746479,NA,1,1247.375,0.860944527987755,1
"Sylvilagus bachmani",0,0.875595805529075,0.985211267605634,0.585915492957746,NA,1,1337,0.861680641523114,1
"Saguinus labiatus",0,0.855338417540515,0.997887323943662,0.6,NA,1,1320.5,0.863306435371044,1
"Perameles nasuta",0,NA,0.680281690140845,0.774647887323944,1,1,466.125,0.863732394366197,1
"Coendou rothschildi",0,0.89335081029552,0.765492957746479,0.8,NA,1,1354.625,0.8647109420105,1
"Cabassous centralis",0,0.909795042897998,0.765492957746479,0.805633802816901,NA,1,1372.875,0.870230450865345,1
"Sylvilagus aquaticus",0,0.9430409914204,0.680281690140845,0.736619718309859,1,1,1158.9,0.871988479974221,1
"Balaenoptera borealis",0,NA,0.942957746478873,0.674647887323944,NA,1,569,0.872535211267606,1
"Equus hemionus",0,0.666706387035272,0.863380281690141,0.969014084507042,NA,1,1164.25,0.874775188308114,1
"Liomys adspersus",0,0.976167778836988,0.765492957746479,0.761971830985915,NA,1,1434.75,0.875908141892345,1
"Varecia variegata",0,0.9430409914204,0.890140845070423,0.673239436619718,NA,1,1406.375,0.876605318277635,1
"Neotoma cinerea",0,0.637154432793136,0.899295774647887,0.973239436619718,NA,1,1140.375,0.877422411015185,1
"Odobenus rosmarus",0,0.683746425166826,0.948591549295775,0.877464788732394,NA,1,1181,0.877450690798749,1
"Sciurus variegatoides",0,0.907173498570067,0.614084507042253,0.995774647887324,NA,1,1377,0.879258163374911,1
"Caluromys derbianus",0,NA,0.765492957746479,0.873239436619718,NA,1,574,0.879577464788732,1
"Rusa timorensis",0,0.620710200190658,0.917605633802817,0.988732394366197,NA,1,1129.125,0.881762057089918,1
"Aotus azarae",0,0.759532888465205,0.805633802816901,0.966197183098592,NA,1,1250.875,0.882840968595174,1
"Isoodon macrourus",0,NA,0.680281690140845,0.863380281690141,1,1,481.875,0.885915492957746,1
"Delphinus delphis",0,NA,0.805633802816901,0.859154929577465,NA,1,580.166666666667,0.888262910798122,1
"Hylobates moloch",0,0.714609151572927,0.96830985915493,0.880281690140845,NA,1,1217.375,0.890800175217175,1
"Callithrix geoffroyi",0,0.976167778836988,0.765492957746479,0.826760563380282,NA,1,1446.25,0.892105324990937,1
"Myrmecophaga tridactyla",0,0.773355576739752,0.982394366197183,0.812676056338028,NA,1,1269.5,0.892106499818741,1
"Macaca cyclopis",0,0.799451858913251,0.922535211267606,0.846478873239437,NA,1,1292.25,0.892116485855073,1
"Macaca ochreata",0,0.699714013346044,0.954929577464789,0.916901408450704,NA,1,1205.875,0.892886249815384,1
"Cebus capucinus",0,0.838298379408961,0.765492957746479,0.977464788732394,NA,1,1328.375,0.895314031471959,1
"Funisciurus congicus",0,0.759532888465205,0.848591549295775,0.97887323943662,NA,1,1260.75,0.8967494192994,1
"Pongo abelii",0,0.637154432793136,0.96830985915493,0.985915492957746,NA,1,1154.875,0.897844946226453,1
"Macaca sylvanus",0,0.738679694947569,0.890140845070423,0.970422535211268,NA,1,1244.75,0.899810768807315,1
"Macaca tonkeana",0,0.686725452812202,0.954929577464789,0.967605633802817,NA,1,1201.25,0.902315166019952,1
"Macropus rufus",0,NA,0.733802816901408,0.974647887323944,NA,1,590.5,0.902816901408451,1
"Balaenoptera physalus",0,NA,0.942957746478873,0.776056338028169,NA,1,593,0.906338028169014,1
"Tamias minimus",0,0.855338417540515,0.899295774647887,0.876056338028169,NA,1,1352,0.907672632554143,1
"Macropus parma",0,NA,0.922535211267606,0.807042253521127,NA,1,595.5,0.909859154929577,1
"Marmosa murina",0,NA,0.680281690140845,0.961971830985916,1,1,499.375,0.91056338028169,1
"Leptonychotes weddellii",0,0.83567683508103,0.863380281690141,0.943661971830986,NA,1,1337,0.910679772150539,1
"Stenella coeruleoalba",0,NA,0.805633802816901,0.926760563380282,NA,1,596.166666666667,0.910798122065728,1
"Chaetophractus vellerosus",0,0.98987130600572,0.982394366197183,0.671830985915493,NA,1,1471.625,0.911024164529599,1
"Phocoena phocoena",0,NA,0.805633802816901,0.929577464788732,NA,1,596.833333333333,0.911737089201878,1
"Eulemur macaco",0,0.968064823641563,0.890140845070423,0.792957746478873,NA,1,1453.875,0.912790853797715,1
"Macaca maura",0,0.842588179218303,0.954929577464789,0.86056338028169,NA,1,1345.75,0.914520284241195,1
"Eulemur albifrons",0,0.904551954242135,0.890140845070423,0.866197183098592,NA,1,1400.25,0.915222495602787,1
"Chaetodipus spinatus",0,0.955791229742612,0.680281690140845,0.949295774647887,1,1,1199.8,0.917073738906269,1
"Tamias umbrinus",0,0.929575786463298,0.899295774647887,0.843661971830986,NA,1,1424.125,0.918133383235543,1
"Tursiops truncatus",0,NA,0.805633802816901,0.957746478873239,NA,1,603.5,0.92112676056338,1
"Globicephala melas",0,NA,0.805633802816901,0.959154929577465,NA,1,603.833333333333,0.921596244131455,1
"Spermophilus lateralis",0,0.88465204957102,0.899295774647887,0.91830985915493,NA,1,1390.25,0.925564420843459,1
"Lagothrix lagotricha",0,0.793732125834128,0.977464788732394,0.946478873239437,NA,1,1313.75,0.92941894695149,1
"Physeter catodon",0,NA,0.942957746478873,0.87887323943662,NA,1,617.333333333333,0.940610328638498,1
"Spermophilus parryii",0,0.939823641563394,0.96830985915493,0.861971830985915,NA,1,1450.375,0.94252633292606,1
"Cercocebus galeritus",0,NA,0.929577464788732,0.902816901408451,NA,1,619.833333333333,0.944131455399061,1
"Pelomys isseli",0,NA,0.909154929577465,0.925352112676056,NA,1,620.333333333333,0.944835680751174,1
"Cynomys ludovicianus",0,0.965085795996187,0.848591549295775,0.997183098591549,NA,1,1479.625,0.952715110970878,1
"Tamias amoenus",0,0.920519542421354,0.899295774647887,0.994366197183099,NA,1,1441.375,0.953545378563085,1
"Spermophilus columbianus",0,0.9430409914204,0.899295774647887,0.98169014084507,NA,1,1462.75,0.95600672672834,1
"Lynx pardinus",0,NA,0.977464788732394,0.892957746478873,NA,1,628.833333333333,0.956807511737089,1
"Dorcopsis muelleri",0,NA,0.922535211267606,0.987323943661972,NA,1,638.166666666667,0.969953051643192,1
"Phocoena spinipinnis",0,NA,1,1,NA,1,659.5,1,1
